artista,tipo,título_canción,nombre_album,año,genre
Underground Canopy,track,Feelm Intermission,Bluestaeb and S. Fidelity Present Underground Canopy,2020,jazz
Vitamin String Quartet,track,Strange (feat. Hillary Smith),Bridgerton (Covers from the Netflix Original Series),2020,jazz
Various Artists,track,It's All Right,Soul (Original Motion Picture Soundtrack),2020,jazz
Tom Misch,track,Nightrider,What Kinda Music,2020,jazz
Erroll Garner,track,Misty - Remastered 2020,Gemini (Octave Remastered Series),2020,jazz
Eddie Condon,track,Nobody Knows,"Jazz Masters, Vol. 6",2020,jazz
Alabaster DePlume,track,Whisky Story Time,"To Cy & Lee: Instrumentals, Vol. 1",2020,jazz
Various Artists,track,Same Ole Love (365 Days a Week),Turntable Hits,2020,jazz
Shierro,track,Quiet Storm,Quiet Storm,2020,jazz
Brendan Maynard + 2,track,Prelude to a Kiss,Giant Steps,2020,jazz
Nina Simone,track,I Wish I Knew How It Would Feel to Be Free,New World Coming,2020,jazz
Athletic Progression,track,And1,Athletic Progression,2020,jazz
Ella Fitzgerald,track,Misty,The Complete Piano Duets,2020,jazz
Kris Bowers,track,Love is A Choice,Bridgerton (Music from the Netflix Original Series),2020,jazz
Angelina Jordan,track,Bohemian Rhapsody,Bohemian Rhapsody,2020,jazz
Tom Misch,track,Tidal Wave,What Kinda Music,2020,jazz
GRiZ,track,Medusa,Medusa,2020,jazz
Yazmin Lacey,track,Morning Matters,Morning Matters,2020,jazz
Melody Gardot,track,If You Love Me,Sunset In The Blue,2020,jazz
Kris Bowers,track,A Grand Finish,Bridgerton (Music from the Netflix Original Series),2020,jazz
John Coltrane,track,Giant Steps - 2020 Remaster,Giant Steps (60th Anniversary Super Deluxe Edition) [2020 Remaster],2020,jazz
Alabaster DePlume,track,The Good Wine,Visit Croatia EP,2020,jazz
Dan Kye,track,Actually,Small Moments,2020,jazz
Ergo Montserrat,track,Sunday Morning Jazz Relax,Sunday Morning Jazz,2020,jazz
Boney James,track,Sundance,Solid,2020,jazz
Lennie Tristano,track,Inflight,The Duo Sessions,2020,jazz
Kim Waters,track,Feels Like Friday Night,Shakedown,2020,jazz
Dan Evans-Parker,track,Christmas Time,Christmas Time,2020,jazz
Plini,track,Impulse Voices,Impulse Voices,2020,jazz
Kris Bowers,track,Simon and Lady Danbury,Bridgerton (Music from the Netflix Original Series),2020,jazz
Miramare,track,Down The Port,Azure Blue,2020,jazz
Oscar Peterson,track,Stormy Weather,Work From Home with Oscar Peterson,2020,jazz
Underground Canopy,track,Decisions,Bluestaeb and S. Fidelity Present Underground Canopy,2020,jazz
Flatland Park,track,The First Noel,The First Noel,2020,jazz
Kris Bowers,track,When You Are Alone,Bridgerton (Music from the Netflix Original Series),2020,jazz
Ebi Soda,track,Something to Do in the Future,Ugh,2020,jazz
Otesla,track,Gør Det,Punarjanma,2020,jazz
Carol Albert,track,Perfect Sunday,Stronger Now,2020,jazz
Oscar Peterson,track,Quiet Nights Of Quiet Stars (Corcovado),Work From Home with Oscar Peterson,2020,jazz
Vincent Ingala,track,Echoes of the Heart,Echoes Of The Heart,2020,jazz
Nick Colionne,track,Let’s Get Serious,Finger Painting,2020,jazz
Konteks,track,Appreciate,Time for Two,2020,jazz
Ill Considered,track,Retreat,Ill Considered III,2020,jazz
paris91,track,Kaviar,Kaviar,2020,jazz
Norah Jones,track,Were You Watching?,Were You Watching?,2020,jazz
Emapea,track,The Winner,Reflection,2020,jazz
Alex Parchment,track,I Can't Stop Loving You,Burnin' up,2020,jazz
Mangrove Yeltsin,track,A Feel for Instrumental Jazz,A Feel for Instrumental Jazz,2020,jazz
The Sweetgreens,track,You Don't Know What Love Is,You Don't Know What Love Is,2020,jazz
Ragan Whiteside,track,JJ's Strut - Radio Single,JJ's Strut,2020,jazz
Various Artists,track,What's The Rush,Keep Calm with Jazz,2020,jazz
The Myth of the Turtle,track,Coffee House Atmosphere at Home,Self-Isolation Jazz,2020,jazz
Holborns,track,Ding Dong Merrily on High,Ding Dong Merrily on High,2020,jazz
Underground Canopy,track,Danse Dorée,Bluestaeb and S. Fidelity Present Underground Canopy,2020,jazz
Pigeondust,track,Nothing But Jazz Loops,Way Back When,2020,jazz
The Myth of the Turtle,track,Slow Jazz for Self-Isolation,Self-Isolation Jazz,2020,jazz
Kris Bowers,track,Feeling Exceptional,Bridgerton (Music from the Netflix Original Series),2020,jazz
Ken Navarro,track,When We Dance,Into the Light,2020,jazz
The Colours That Rise,track,Atmosphere,Grey Doubt,2020,jazz
Doris Day,track,"Que Sera Sera (Whatever Will Be, Will Be) [From ""The Man Who Knew Too Much""] (with Frank DeVol & His Orchestra)",Doris Day - Her Greatest Songs,2020,jazz
Ergo Montserrat,track,Ergo We Go Forth,Sunday Morning Jazz,2020,jazz
Oli Silk,track,New Bounce (feat. Vincent Ingala),6,2020,jazz
Emapea,track,Reflection,Reflection,2020,jazz
Nick Colionne,track,Romantic Nights,Finger Painting,2020,jazz
Kris Bowers,track,Call Me Simon,Bridgerton (Music from the Netflix Original Series),2020,jazz
Robert Glasper,track,Better Than I Imagined (Feat. H.E.R. & Meshell Ndegeocello),Better Than I Imagined (Feat. H.E.R. & Meshell Ndegeocello),2020,jazz
Mangrove Yeltsin,track,Staccato Jazz Hints,A Feel for Instrumental Jazz,2020,jazz
"Chris ""Big Dog"" Davis",track,It's All Love,Focus,2020,jazz
Bladverk Band,track,Caerulea,Obliqua,2020,jazz
Chris Standring,track,Out of the Blue,Real Life,2020,jazz
Norman Brown,track,Heading Wes,Heart To Heart,2020,jazz
Midtown Trio,track,Waltz At Midnight,Waltz At Midnight,2020,jazz
Red Brick Lane,track,Once in Royal David's City,Once in Royal David's City,2020,jazz
Fulton Street Players,track,Auld Lang Syne,Auld Lang Syne,2020,jazz
Tom Misch,track,What Kinda Music,What Kinda Music,2020,jazz
Kuipers & Winter,track,"O Come, O Come, Emanuel","Lo, How A Rose E'er Blooming",2020,jazz
The Myth of the Turtle,track,Dreams of Summertime,Turtle Beach Chillout,2020,jazz
Anita Rosswell,track,Soft Like Rain,Soft Like Rain,2020,jazz
Kris Bowers,track,One Last Dance,Bridgerton (Music from the Netflix Original Series),2020,jazz
Skinny Hightower,track,BLUE MOON,Blue Moon,2020,jazz
yeyts.,track,Bubble.,Bubble.,2020,jazz
The Myth of the Turtle,track,Cocktail Cabin,Turtle Beach Chillout,2020,jazz
Phil Denny,track,Lifted,Lifted,2020,jazz
Lin Rountree,track,Fluid,Fluid,2020,jazz
Eve St. Jones,track,I Feel It Coming,Make Your Move,2020,jazz
yeyts.,track,Caliber,Caliber,2020,jazz
Gerald Albright,track,Hope,G-Stream,2020,jazz
Kris Bowers,track,Shock and Delight,Bridgerton (Music from the Netflix Original Series),2020,jazz
Ergo Montserrat,track,Blue Orange,Sunday Morning Jazz,2020,jazz
Boozoo Bajou,track,Under My Sensi - Thievery Corporation Mix,Under My Sensi,2020,jazz
Ennio Máno,track,We Three Kings (Jazz Version),A Jazzy Little Christmas,2020,jazz
Kris Bowers,track,What Women Do Best,Bridgerton (Music from the Netflix Original Series),2020,jazz
Chaos In The CBD,track,Emotional Intelligence,Chaos in the CBD & Friends,2020,jazz
Darren Rahn,track,Infinite Love,Infinite Love,2020,jazz
Norah Jones,track,Flame Twin,Pick Me Up Off The Floor,2020,jazz
Ryan Montano,track,Soulfully,Soulfully,2020,jazz
Ergo Montserrat,track,Chilled Music on a Sunday Morning,Sunday Morning Jazz,2020,jazz
Hudson Harris & Haim,track,Blue Christmas,A Child Is Born,2020,jazz
Jeff Laine & Co,track,Abide With Me,Abide With Me,2020,jazz
Serenity State of Mind,track,In A Sentimental Mood,In A Sentimental Mood,2020,jazz
Deca,track,Curiosity Shop,Snakes and Birds,2020,jazz
Dea Sancta,track,Coming Together,Americas,2020,jazz
Athletic Progression,track,Ahh,Athletic Progression,2020,jazz
Various Artists,track,Passin' Me By,90s Hip Hop,2020,jazz
Eli Starr Trio,track,Autumn in New York,Autumn in New York,2020,jazz
Carl Bagge Trio,track,Fotografia,Meets Gustav Lundgren,2020,jazz
Pigeondust,track,Jazzloop B,Way Back When,2020,jazz
KTZ Players,track,It Is Well With My Soul,It Came Upon the Midnight Clear,2020,jazz
Brian Simpson,track,Fired Up,Unified,2020,jazz
Randy Scott,track,Affection,Elevation,2020,jazz
Athletic Progression,track,NCCU,Athletic Progression,2020,jazz
Godfather Don,track,Status - Solo OG Home Demo,"Beats, Bangers & Biscuits at 535 E 55th St",2020,jazz
The Myth of the Turtle,track,Copacabana,Turtle Beach Chillout,2020,jazz
Adam Hawley,track,Can't Stop,Escape,2020,jazz
Michael J Thomas,track,Sippin the Yak,Sippin the Yak,2020,jazz
yeyts.,track,Rubberband,Rubberband,2020,jazz
Freddie Fox,track,Sweet Kisses,Limitless,2020,jazz
Sparrow & Bird,track,Litania,Litania,2020,jazz
Brian Simpson,track,What The Wind Knows,Unified,2020,jazz
Kris Bowers,track,What You Saw Was A Lie,Bridgerton (Music from the Netflix Original Series),2020,jazz
Kamasi Washington,track,Song For Fraser,Becoming (Music from the Netflix Original Documentary),2020,jazz
Mangrove Yeltsin,track,The Indian Subcontinent,A Feel for Instrumental Jazz,2020,jazz
Diana Krall,track,Autumn In New York,This Dream Of You,2020,jazz
yeyts.,track,seat back.,seat back,2020,jazz
Dee Lucas,track,Tried and True (feat. David P. Stevens),The Time Is Now,2020,jazz
Hudson Harris & Haim,track,A Child Is Born,A Child Is Born,2020,jazz
Tony DeSare,track,Smile,Song Diaries Vol 1: Songs of Comfort,2020,jazz
Tom Misch,track,Last 100,What Kinda Music,2020,jazz
Kuipers & Winter,track,Maybe We'll Meet Again,Maybe We'll Meet Again,2020,jazz
CrazyJaZz,track,Do Not Stop,Do Not Stop,2020,jazz
Ergo Montserrat,track,Citrus Sideways Glances,Sunday Morning Jazz,2020,jazz
Tony Saunders,track,Chasing the Dream,Sexy Somethin,2020,jazz
Holborns,track,Fridays,Fridays,2020,jazz
Yoni Mayraz,track,Heat,Rough Cuts,2020,jazz
Oilix,track,Portland Japanese Garden,Pacific Coast Highway Trip Chapter 1,2020,jazz
The Myth of the Turtle,track,Beach Chillout Jazz,Beach Chillout Music 2,2020,jazz
Mandevilla,track,Sno Peas,On A Misty Night,2020,jazz
Immanuel Wilkins,track,The Dreamer,Omega,2020,jazz
Vintage Emporium,track,Sweet conversation,Ambient Jazz,2020,jazz
Mangrove Yeltsin,track,Strum and Tonkle,A Feel for Instrumental Jazz,2020,jazz
Yazmin Lacey,track,Own Your Own,Morning Matters,2020,jazz
Norah Jones,track,I'm Alive,I'm Alive,2020,jazz
Melody Gardot,track,From Paris With Love - Single Version,Sunset In The Blue,2020,jazz
The Smooth Jazz Alley,track,New Hope,Let's Ride,2020,jazz
Boney James,track,Be Here,Solid,2020,jazz
GRiZ,track,Won't Be Gone Long,"Chasing The Golden Hour, Pt. 3",2020,jazz
The Sweetgreens,track,Moon River,Moon River,2020,jazz
The Myth of the Turtle,track,Float,Pale Blue Waters,2020,jazz
Asako Toki,track,HOME,HOME,2020,jazz
Tom Misch,track,I Did It For You,What Kinda Music,2020,jazz
Bibi Tanga & The Selenites,track,Afro Groove on the Move,Afro Groove,2020,jazz
Alabaster DePlume,track,Black Drifts,Visit Croatia EP,2020,jazz
TIA RAY,track,Starfall - Honkai Impact 3rd Ost - Impressions,Starfall (Honkai Impact 3rd Ost - Impressions),2020,jazz
Michael Wollny,track,Velvet Gloves & Spit,Mondenkind,2020,jazz
Gathering in Jazz,track,The Shape of Blue,Stardust,2020,jazz
Simply Coffeehouse,track,Bossa and a Brew to Have in,Bossa Coffeehouse Isolation,2020,jazz
Magpie Jazz Trio,track,After You've Gone,After You've Gone,2020,jazz
Thelonious Coltrane,track,Me and My Life,Like a Broken Dolphin,2020,jazz
gum.mp3,track,Cartz,Halcyon Palace,2020,jazz
Greg Manning,track,Top Down,Top Down,2020,jazz
Louis Silva Band,track,Love Is a Many-Splendored Thing,Pretty Ballad,2020,jazz
Zander Jazz Trio,track,Let There Be Love,Misty,2020,jazz
Athletic Progression,track,3POINTPLAY,Athletic Progression,2020,jazz
Plini,track,Pan,Impulse Voices,2020,jazz
CMC 3,track,Once I Had A Secret Love,Dear Old Stockholm,2020,jazz
Dea Sancta,track,Ipanema Beach,Americas,2020,jazz
Melody Gardot,track,Moon River,Sunset In The Blue,2020,jazz
Burt Mitchell,track,Hermana,The Getaway,2020,jazz
Tom Misch,track,The Real,What Kinda Music,2020,jazz
Skinny Hightower,track,BITTERSWEET,Blue Moon,2020,jazz
Hara Noda,track,Field,Years,2020,jazz
Tom Misch,track,Nightrider,Nightrider,2020,jazz
Plini,track,I'll Tell You Someday,Impulse Voices,2020,jazz
Ibrahim Maalouf,track,Free Spirit - Duo Version,40 Melodies,2020,jazz
Art Blakey & The Jazz Messengers,track,Hipsippy Blues,Just Coolin',2020,jazz
GRiZ,track,"Gettin High, Havin Fun","Chasing The Golden Hour, Pt. 3",2020,jazz
Red Brick Lane,track,Landing,Landing,2020,jazz
Hudson Harris & Haim,track,Body & Soul,Body & Soul,2020,jazz
Anja Lechner,track,Flow,Flow,2020,jazz
GRiZ,track,Know Time Like The Present,"Chasing The Golden Hour, Pt. 3",2020,jazz
The Myth of the Turtle,track,Staying in My Shell,Instrumental Bossa Nova for Quarantine,2020,jazz
yeyts.,track,hear.,seat back,2020,jazz
Reese Quartet,track,Lost and Found,Lost and Found,2020,jazz
Jørgen Emborg,track,On The Second Day,On the Second Day,2020,jazz
Kokoroko,track,Carry Me Home,Carry Me Home,2020,jazz
Deca,track,All in a Dream,Snakes and Birds,2020,jazz
Athletic Progression,track,Eurostep,Athletic Progression,2020,jazz
Athletic Progression,track,White Crayon,Athletic Progression,2020,jazz
Cafe Music BGM channel,track,Jazzy Morning,Coffee Jazz,2020,jazz
Dirty Loops,track,Rock You,Phoenix,2020,jazz
Sweet Nothings Band,track,I Fall In Love Too Easily,I'll Remember April,2020,jazz
KTZ Players,track,Stillness,Stillness,2020,jazz
Konteks,track,Withy Nights,Time for Two,2020,jazz
Greydon Park Band,track,Let It Snow,Jingle Bell Rock,2020,jazz
Chinese Man,track,To the Beat,"The Groove Sessions, Vol. 5",2020,jazz
Arne Torvik Trio,track,Compromises,Compromises,2020,jazz
The Myth of the Turtle,track,Beach Party Jazz,Turtle Beach Chillout,2020,jazz
Wildcookie,track,Serious Drug - Instrumental,The Wildcookie Cookie Dough Instrumentals,2020,jazz
Shakatak,track,Night Birds (7” Version),All Around the World (40th Anniversary Edition),2020,jazz
Massimo Faraò,track,Easy Living,A Drums Comes True,2020,jazz
Underground Canopy,track,Stoopid Game,Bluestaeb and S. Fidelity Present Underground Canopy,2020,jazz
Martha Tilton,track,Let's Get Away from It All,The Coral Years,2020,jazz
Parov Stelar,track,Tango Del Fuego,"Voodoo Sonic (The Trilogy, Pt. 3)",2020,jazz
CMC 3,track,Dear Old Stockholm,Dear Old Stockholm,2020,jazz
Jonah Jones,track,On The Street Where You Live,Two Tropicana Workshop,2020,jazz
Lauren Richardson,track,Isfahan,A Flower is a Lonesome Thing,2020,jazz
Mary Lattimore,track,Sometimes He's In My Dreams,Silver Ladders,2020,jazz
Walter Smith III,track,Roy Allan,In Common 2,2020,jazz
Stiff Cat Steve,track,Shall We Talk About The Weather,Jazz From The Back Garden,2020,jazz
Trois Amis,track,When You Are Around,When You Are Around,2020,jazz
BADBADNOTGOOD,track,The Chocolate Conquistadors (From Grand Theft Auto Online: The Cayo Perico Heist),The Chocolate Conquistadors (From Grand Theft Auto Online: The Cayo Perico Heist),2020,jazz
Anja Lechner,track,Vague / E la nave va,Vague / E la nave va,2020,jazz
Magpie Jazz Trio,track,Blue Moon,After You've Gone,2020,jazz
Carsten Dahl,track,Somewhere over the Rainbow,The Velvet Blues,2020,jazz
Tom Misch,track,Festival,What Kinda Music,2020,jazz
Peggy Lee,track,"Hallelujah, I Love Him So",Ultimate Peggy Lee,2020,jazz
Flatland Park,track,The Holly and the Ivy,The First Noel,2020,jazz
Athletic Progression,track,Emmelev,Athletic Progression,2020,jazz
110th Street Jazz Trio,track,Almost Like Being in Love,All Alone,2020,jazz
Barry Can't Swim,track,Some Day I Will,Some Day I Will,2020,jazz
Azymuth,track,Zé e Paraná,Zé e Paraná,2020,jazz
Jeremy Pelt,track,Little Girl Blue,"The Art of Intimacy, Vol. 1",2020,jazz
Oilix,track,Nice Weather for Surfing,Jellify,2020,jazz
GRiZ,track,Sweet,"Chasing The Golden Hour, Pt. 3",2020,jazz
Espen Eriksen Trio,track,End Of Summer,End of Summer,2020,jazz
Silvana Estrada,track,Para Siempre,Para Siempre,2020,jazz
Shierro,track,Reflections,Reflections,2020,jazz
Pigeondust,track,Cuttape,Way Back When,2020,jazz
Cory Henry,track,Happy Days,Something to Say,2020,jazz
Konteks,track,Style Wars,Time for Two,2020,jazz
KTZ Players,track,It Came Upon the Midnight Clear,It Came Upon the Midnight Clear,2020,jazz
Art Blakey & The Jazz Messengers,track,Quick Trick,Just Coolin',2020,jazz
Jack Gardiner,track,Nioh,Escapades,2020,jazz
John Coltrane,track,Naima - 2020 Remaster,Giant Steps (60th Anniversary Super Deluxe Edition) [2020 Remaster],2020,jazz
Coffeehouse BGM Station,track,Mellow Intensity,House Blend,2020,jazz
Tom Misch,track,Lift Off,What Kinda Music,2020,jazz
Konteks,track,Ballads for Backgrounds,Time for Two,2020,jazz
Anja Lechner,track,Vague / E la nave va,Lontano,2020,jazz
Dan Kye,track,Focus - SE Edit,Small Moments,2020,jazz
Ituana,track,More Than a Woman,More Than a Woman,2020,jazz
Holborns,track,Walking on Clouds,Walking On Clouds,2020,jazz
Alabaster DePlume,track,If You're Sure You Want To,"To Cy & Lee: Instrumentals, Vol. 1",2020,jazz
Edward Simon,track,Simplicity,25 Years,2020,jazz
Massimo Faraò,track,The Nearness of You,A Drums Comes True,2020,jazz
Jitwam,track,Back to My Place,Back To My Place,2020,jazz
Melody Gardot,track,C’est Magnifique,Sunset In The Blue,2020,jazz
Spaze Windu,track,Timeout,Garigue,2020,jazz
Dee Brown,track,The Prize,The Prize,2020,jazz
Boney James,track,Solid,Solid,2020,jazz
Tom Misch,track,Kyiv,What Kinda Music,2020,jazz
Ambrose Akinmusire,track,Roy,on the tender spot of every calloused moment,2020,jazz
Various Artists,track,Kinmokusei,Coffee Beats,2020,jazz
Bonobo,track,Heartbreak,Heartbreak,2020,jazz
Long Island Quartet,track,Someone To Watch Over Me,Someone To Watch Over Me,2020,jazz
Stiff Cat Steve,track,Playing Jazz On The Patio,Jazz From The Back Garden,2020,jazz
Trois Amis,track,Angels from the Realms of Glory,Angels from the Realms of Glory,2020,jazz
Lydia Baskow Trio,track,Nuages ​​Creux,Nuages ​​Creux,2020,jazz
Alfa Mist,track,Energy,Epoch,2020,jazz
GRiZ,track,Floating,"Chasing The Golden Hour, Pt. 3",2020,jazz
Gregory Porter,track,Everything You Touch Is Gold,All Rise (Deluxe),2020,jazz
Dave Brubeck,track,Brahms Lullaby,Brahms Lullaby,2020,jazz
Michael Bublé,track,Gotta Be Patient,Gotta Be Patient,2020,jazz
Greg Spero,track,Say It Loud - Tiny Room Sessions,Say It Loud (Tiny Room Sessions),2020,jazz
Folamour,track,I Miss Having Someone To Talk To,I Miss Having Someone To Talk To,2020,jazz
Boney James,track,Full Effect,Solid,2020,jazz
igory,track,Beat Up,Beat Up,2020,jazz
Dea Sancta,track,Buffed Up,El Dorado,2020,jazz
Oli Silk,track,Out to Lunch,6,2020,jazz
SamuW,track,Fluorescent,Fluorescent,2020,jazz
Underground Canopy,track,Tony Sendo,Bluestaeb and S. Fidelity Present Underground Canopy,2020,jazz
Oilix,track,Laguna Beach,Travels,2020,jazz
Various Artists,track,Born to Play,Soul (Original Motion Picture Soundtrack),2020,jazz
Fulton Street Players,track,Easy,Easy,2020,jazz
Massimo Faraò,track,Will You Still Be Mine?,A Drums Comes True,2020,jazz
Chad Lefkowitz-Brown,track,Mack the Knife,Mack the Knife,2020,jazz
Michel Portal,track,L'Espagne pour mémoire,Un été à la garoupe (Original Motion Picture Soundtrack),2020,jazz
Mangrove Yeltsin,track,Pink Feelings,Rooftop Sunrise,2020,jazz
Rufio Patio,track,Quiet Reflection,Calming Bossa Blend,2020,jazz
Oscar Peterson,track,Love Is Here To Stay,Work From Home with Oscar Peterson,2020,jazz
Jazz Holdouts,track,Deodato,Deodato,2020,jazz
Groove Da Praia,track,Talking in Your Sleep - Bossa Nova Mix,Talking in Your Sleep (Bossa Nova Mix),2020,jazz
Red Rose Jazz Trio,track,My Romance,My Romance,2020,jazz
Robert Glasper,track,Opening,The Photograph (Original Motion Picture Soundtrack),2020,jazz
Svaneborg Kardyb,track,Bluesen,Haven,2020,jazz
Ron Miles,track,The Rumor,The Rumor,2020,jazz
Dea Sancta,track,Long Shot,Americas,2020,jazz
Baptiste Herbin,track,Swing Valse,Vista Chinesa,2020,jazz
Vernon Sanders,track,Désespérés,Désespérés,2020,jazz
Jon Batiste,track,"It's All Right - From ""Soul""/Duet Version","It's All Right (From ""Soul""/Duet Version)",2020,jazz
CrazyJaZz,track,Even More,Even More,2020,jazz
Four80East,track,Ba Ba Brazil,Straight Round,2020,jazz
Various Artists,track,Bigger Than Us,Soul (Original Motion Picture Soundtrack),2020,jazz
Gillian Spencer Trio,track,And All Is Well Now,And All Is Well Now,2020,jazz
Ben & Katsy,track,Mistletoe And Holly,Mistletoe And Holly,2020,jazz
Enrico Pieranunzi,track,Silk Threads,Common View,2020,jazz
Juraj Stanik Trio,track,Soul Eyes,Inside Out,2020,jazz
RINZ.,track,Moka,Moka,2020,jazz
Dan Evans-Parker,track,Lost in Orbit,Lost in Orbit,2020,jazz
Siimbiie Lakew,track,HOOKED,VIICES,2020,jazz
Butcher Brown,track,Tidal Wave,#KingButch,2020,jazz
Navy Blue,track,Moment Hung,Song of Sage: Post Panic!,2020,jazz
BimBomBam Orchestra,track,regalecus glesne - feat.元晴 & 柴田亮,regalecus glesne (feat.元晴 & 柴田亮),2020,jazz
Jack Gardiner,track,Until Next Time,Escapades,2020,jazz
Underground Canopy,track,Nebrasko,Bluestaeb and S. Fidelity Present Underground Canopy,2020,jazz
Astoria Three,track,If you could see me now,Michelle,2020,jazz
Diana Krall,track,"Just You, Just Me",This Dream Of You,2020,jazz
Sparrow & Bird,track,Santa Baby,Santa Baby,2020,jazz
Tom Misch,track,Sensational,What Kinda Music,2020,jazz
Night and Day Trio,track,Can't Help Lovin' Dat Man,Can't Help Lovin' Dat Man,2020,jazz
Jamie Lancaster,track,Golden,Golden,2020,jazz
Nenei,track,Don't Start Now,Don't Start Now,2020,jazz
Tour-Maubourg,track,Ode to Love,Paradis artificiels,2020,jazz
Self-Isolation Coffeehouse,track,My Lounge Doubles as an Office and Triples as a Gym,Upbeat Jazz for Self-Isolation,2020,jazz
Måns & Dotter,track,Hoppet,Hoppet,2020,jazz
Jack Gardiner,track,1993,Escapades,2020,jazz
Deca,track,Clay Pigeons,Snakes and Birds,2020,jazz
Juraj Stanik Trio,track,I Sing This Song for You,Inside Out,2020,jazz
Caravan Palace,track,Pluma,Pluma,2020,jazz
GRiZ,track,The Baddest,Bangers[5].Zip,2020,jazz
Plini,track,Papelillo,Impulse Voices,2020,jazz
RINZ.,track,Isolation,Isolation,2020,jazz
Felipe Gordon,track,The Semimodular Bird of Jazz,Wait on Me EP,2020,jazz
Moonspatz,track,Think for Yourself,Radio Moonspatz,2020,jazz
Bladverk Band,track,Elise,Virga,2020,jazz
Ituana,track,Talking in Your Sleep - Bossa Nova Mix,More Than a Woman,2020,jazz
Tom Stills Quartet,track,Joy to the World,Jingle Bells,2020,jazz
Colin Stetson,track,Peaceful Here Now,Deliver Us (Original Series Soundtrack),2020,jazz
Katashi Kaitō,track,Balcony Vibes,Balcony Vibes,2020,jazz
Ellen Andrea Wang,track,Strange Flower,Closeness,2020,jazz
South West Cafe Trio,track,East of the Sun (and West of the Moon),Falling Grace,2020,jazz
Waxamilion,track,Reminincense,Hidden Realms,2020,jazz
Living Room,track,Ocean Drift,Ocean Drift,2020,jazz
Diana Krall,track,How Deep Is The Ocean,How Deep Is The Ocean,2020,jazz
Angelina Jordan,track,Million Miles,Million Miles,2020,jazz
ichikoro,track,Ally,A Legend,2020,jazz
Boozoo Bajou,track,Same Sun - Tontelas Roots Version,Same Sun,2020,jazz
Mary Lattimore,track,Pine Trees,Silver Ladders,2020,jazz
Greydon Park Band,track,Eternity,Eternity,2020,jazz
GRiZ,track,No Doubt,No Doubt,2020,jazz
Plini,track,birds,birds / surfers,2020,jazz
Mandevilla,track,A Time For Love,On A Misty Night,2020,jazz
Gregory Porter,track,If Love Is Overrated,All Rise (Deluxe),2020,jazz
Turning Trio,track,Quite Late,Quite Late,2020,jazz
Stephane Wrembel,track,I'm Confessin' That I Love You,The Django Experiment V,2020,jazz
Ardhito Pramono,track,I Just Couldn't Save You Tonight - Story of Kale - Original Motion Picture Soundtrack,I Just Couldn't Save You Tonight (Story of Kale - Original Motion Picture Soundtrack),2020,jazz
Potatohead People,track,1st Light,Mellow Fantasy,2020,jazz
Waxamilion,track,The Rabbit Hole,Hidden Realms,2020,jazz
Jamie Lancaster,track,Take It Easy,Take It Easy,2020,jazz
Soul Wun,track,Naima Blue,"13th Hour, Vol. 5",2020,jazz
Siimbiie Lakew,track,SHOULDA PULLED UP,VIICES,2020,jazz
Ennio Máno,track,Yours,Yours,2020,jazz
Tony DeSare,track,Raindrops Keep Fallin' on My Head,Song Diaries Vol 1: Songs of Comfort,2020,jazz
Dave Brubeck,track,Over The Rainbow,Lullabies,2020,jazz
Greydon Park Band,track,Postcards,Postcards,2020,jazz
GRiZ,track,Could U,Could U,2020,jazz
Mansur Brown,track,It's My Time,Tesuto,2020,jazz
Massimo Faraò,track,Gone Again,A Drums Comes True,2020,jazz
Plini,track,Perfume,Impulse Voices,2020,jazz
Stefania Tallini,track,In The Night,Uneven,2020,jazz
"Dave ""Baby"" Cortez",track,The Happy Organ,"Happy Organs, Wild Guitars & Piano Shuffles",2020,jazz
Various Artists,track,Mi Swing Es Tropical (feat. Tempo & Candela Allstars),Chef (Original Soundtrack Album),2020,jazz
n o r m a l,track,waves,Dimensions,2020,jazz
Oscar Peterson,track,You Look Good To Me,Work From Home with Oscar Peterson,2020,jazz
Athletic Progression,track,Jupiter,Athletic Progression,2020,jazz
Athletic Progression,track,Embassy,Athletic Progression,2020,jazz
Mvdk,track,Bourbon Street Jazz,Bourbon Street Jazz,2020,jazz
KTZ Players,track,Balladeering,Balladeering,2020,jazz
Chaos In The CBD,track,It's up to Me,Chaos in the CBD & Friends,2020,jazz
Michael Stylez & Co,track,O Come All Ye Faithful,Deck the Halls,2020,jazz
Boney James,track,The Bottom Line,Solid,2020,jazz
Waxamilion,track,Mezcalator,Hidden Realms,2020,jazz
The Jazz Cultivators,track,Speak Low,Speak Low,2020,jazz
Kaspa.,track,Mirage,Mirage,2020,jazz
Dea Sancta,track,Spontaneity,Americas,2020,jazz
GRiZ,track,Nights in Shibuya,"Chasing The Golden Hour, Pt. 3",2020,jazz
Gathering in Jazz,track,Blue Sunday,Second Strike,2020,jazz
PYJÆN,track,Gold Plated,Gold Plated,2020,jazz
Charlie Wilder Band,track,Ev'rytime We Say Goodbye,Ev'rytime We Say Goodbye,2020,jazz
Various Artists,track,Joe's Lowdown Blues,Soul (Original Motion Picture Soundtrack),2020,jazz
The Andy Love Band,track,In The Wee Small Hours of the Morning,Sidewinder,2020,jazz
Plini,track,surfers,birds / surfers,2020,jazz
FloFilz,track,Uferlos,Beats On Boat: FloFilz,2020,jazz
Tommy Emmanuel,track,Song for a Rainy Morning,The Best of Tommysongs,2020,jazz
The Molsbees,track,Sea of Love,Sea of Love,2020,jazz
Scott Bradlee's Postmodern Jukebox,track,I Only Have Eyes For You,OK Crooner,2020,jazz
Zander Jazz Trio,track,Misty,Misty,2020,jazz
Simply Coffeehouse,track,Stocked up on Beans,Bossa Coffeehouse Isolation,2020,jazz
Marcos Caixa,track,Bellflower Field,Bellflower Field,2020,jazz
Cafe Music BGM channel,track,Calm Office,Coffee Jazz,2020,jazz
GRiZ,track,Where Will I Go,"Chasing The Golden Hour, Pt. 3",2020,jazz
Olepash,track,Slow Mo,Olepash,2020,jazz
Hailey Tuck,track,Seabird,Coquette,2020,jazz
UWS Jazz Trio,track,What's New,Central Park West,2020,jazz
Snazzback,track,Grook,Grook,2020,jazz
Kamaal Williams,track,Hold On,Wu Hen,2020,jazz
GRiZ,track,Solo,"Chasing The Golden Hour, Pt. 3",2020,jazz
We Three Trio,track,Lexington Ave. Blues,Skating,2020,jazz
Shalosh,track,Quiet Corner,Broken Balance,2020,jazz
Red Rose Jazz Trio,track,Polka Dots and Moonbeams,My Romance,2020,jazz
Burt Mitchell,track,A Certain Sadness,The Getaway,2020,jazz
Tom Misch,track,Julie Mangos,What Kinda Music,2020,jazz
Clap Cotton,track,Vinho Verde,Vinho Verde,2020,jazz
Melody Gardot,track,Sunset In The Blue,Sunset In The Blue,2020,jazz
Potatohead People,track,Break Even,Mellow Fantasy,2020,jazz
Emma-Jean Thackray,track,Movementt,Movementt,2020,jazz
GRiZ,track,Koh Samui,"Chasing The Golden Hour, Pt. 3",2020,jazz
Caravan Palace,track,Supersonics - Out Come the Freaks Edit,Supersonics (Out Come the Freaks Edit),2020,jazz
Yussef Dayes,track,Odyssey,Welcome to the Hills,2020,jazz
Melody Gardot,track,From Paris With Love - Single Version,From Paris With Love,2020,jazz
Back Room Jazz Trio,track,I Should Care,If You Could See Me Now,2020,jazz
Melody Gardot,track,Sunset In The Blue,Sunset In The Blue,2020,jazz
Brian Culbertson,track,It's Wednesday Night,Music from The Hang,2020,jazz
Various Artists,track,Shenandoah,Best Jazz Guitarists,2020,jazz
Red Stairs Jazz Quartet,track,Embracable You,Easy Living,2020,jazz
Gregory Porter,track,Revival,All Rise (Deluxe),2020,jazz
GRiZ,track,Spaceship Ride,Bangers[5].Zip,2020,jazz
Sam Butera,track,Let the Good Times Roll,The Wildest Clan,2020,jazz
Kista,track,Dreamchaser,Collecting Dust (Deluxe Edition),2020,jazz
Olepash,track,Interesting Acquaintance,Olepash,2020,jazz
Green Trio,track,The Summer Rain,Woodland,2020,jazz
Melody Gardot,track,Little Something,Little Something,2020,jazz
Deca,track,Home Base,Snakes and Birds,2020,jazz
Krister & Dalbani,track,Holiday,Holiday,2020,jazz
Dan Evans-Parker,track,Up on the Housetop,Christmas Time,2020,jazz
Shierro,track,Feel Again,Feel Again,2020,jazz
Jeff Beck,track,Isolation,Isolation,2020,jazz
Dirty Loops,track,Next To You,Phoenix,2020,jazz
Carol Albert,track,Sun’s Out,Stronger Now,2020,jazz
Vincent Ingala,track,Maybe You Think,Echoes Of The Heart,2020,jazz
TIA RAY,track,Be The Legend,Be The Legend,2020,jazz
Bobby Dreamz BIG,track,The Red,Retrospective,2020,jazz
Louis Silva Band,track,Pretty Ballad,Pretty Ballad,2020,jazz
Robert Glasper,track,After The Storm,The Photograph (Original Motion Picture Soundtrack),2020,jazz
Plini,track,Last Call,Impulse Voices,2020,jazz
Olepash,track,Breakfast in a Cafe,Olepash,2020,jazz
Hailey Tuck,track,Every Other Night,Coquette,2020,jazz
The Myth of the Turtle,track,Mellow Music for Chilling at Home,Self-Isolation Jazz,2020,jazz
gum.mp3,track,3C,House'n,2020,jazz
Various Artists,track,Looking at Life,Soul (Original Motion Picture Soundtrack),2020,jazz
Mangrove Yeltsin,track,Jazz Cats Love Packed Floors,A Feel for Instrumental Jazz,2020,jazz
Chattanooga Trio,track,Tennesse,Tennesse,2020,jazz
Felix Martin,track,"Great Fairy's Fountain (From ""The Legend of Zelda: Ocarina of Time)","Great Fairy's Fountain (From ""The Legend of Zelda: Ocarina of Time)",2020,jazz
Various Artists,track,Lison,French Riviera,2020,jazz
Otis Redding,track,Try a Little Tenderness - 2020 Remaster,The Best Of Otis Redding,2020,jazz
Joan Chamorro,track,Ella y Yo,Joan Chamorro New Quartet & Scott Hamilton (Live),2020,jazz
FRANZ,track,Sims,Sims,2020,jazz
The Sorcerers,track,"Who Is the Hunter, Who Is the Prey? (feat. Chip Wickham)",In Search of the Lost City of the Monkey God,2020,jazz
Joonie,track,Find Me,Yellow Dust,2020,jazz
DJ Ryow a.k.a. Smooth Current,track,mist,mist,2020,jazz
paris91,track,Edith,Edith,2020,jazz
Potatohead People,track,All the Way,Mellow Fantasy,2020,jazz
Light Hands Trio,track,We'll Be Together Again,We'll Be Together Again,2020,jazz
Ella Fitzgerald,track,September Song,The Complete Piano Duets,2020,jazz
Yazmin Lacey,track,Not Today Mate,Not Today Mate,2020,jazz
Tate Jackson Trio,track,Like Someone in Love,Like Someone in Love,2020,jazz
Daniel Ögren,track,Idag,Fastingen -92,2020,jazz
Robert Elovsson Quartet,track,Its That Simple,Its That Simple,2020,jazz
Kat Edmonson,track,What a Wonderful World,Dreamers Do,2020,jazz
BADBADNOTGOOD,track,The Chocolate Conquistadors - From Grand Theft Auto Online: The Cayo Perico Heist,The Chocolate Conquistadors (From Grand Theft Auto Online: The Cayo Perico Heist),2020,jazz
Svaneborg Kardyb,track,Omvej,Haven,2020,jazz
Nina Simone,track,Color Is A Beautiful Thing,Fodder On My Wings,2020,jazz
Vernon Sanders,track,Stanky,Stanky,2020,jazz
toconoma,track,Highwind,VISTA,2020,jazz
Tom Bates,track,Yet another dream,Just a fool,2020,jazz
Hollbeck,track,Angels We Have Heard on High,Angels We Have Heard on High,2020,jazz
Robert Glasper,track,Michael Sees Mae,The Photograph (Original Motion Picture Soundtrack),2020,jazz
Sam Cooke,track,Keep Movin' On,Keep Movin' On,2020,jazz
Shierro,track,Star Valley,Star Valley,2020,jazz
Michel Portal,track,Summer Swing,Un été à la garoupe (Original Motion Picture Soundtrack),2020,jazz
Tom Misch,track,Can You Feel It,What Kinda Music (Bonus Tracks),2020,jazz
Dorian Concept,track,J Buyers - Acoustic Version,The Jitters,2020,jazz
Robert Glasper,track,Dark Room,The Photograph (Original Motion Picture Soundtrack),2020,jazz
Jazz Holdouts,track,Mary's Song (Radio Edit),Mary's Song (Radio Edit),2020,jazz
GRiZ,track,My Friends and I Pt. 3,Bangers[5].Zip,2020,jazz
Aretha Franklin,track,Somewhere - Alternate Version,Somewhere (Alternate Version),2020,jazz
Till Brönner,track,Save Your Love for Me,On Vacation,2020,jazz
PENPALS,track,The Stars My Destination,City All Stars (Deluxe Edition),2020,jazz
Retromigration,track,Kindness,Ltdblbl008,2020,jazz
Matt Dusk,track,I've Got You Under My Skin,I've Got You Under My Skin,2020,jazz
Diana Krall,track,But Beautiful,This Dream Of You,2020,jazz
Various Artists,track,Yefkir Engurguro - Mixed,fabric presents Maribou State,2020,jazz
Henning Witsell,track,Sommarnattens Skeende,Sommarnattens Skeende,2020,jazz
Huw Marc Bennett,track,Afon Colhuw,Tresilian Bay,2020,jazz
Esther Phillips,track,Try Me,Brand New Day: The Lenox / Alantic & Roulette Recordings (1962-1970),2020,jazz
Aphrow,track,Lion Dance.,Lion Dance.,2020,jazz
We Three Trio,track,Skating,Skating,2020,jazz
Eddie Condon,track,My Melancholy Baby,"Jazz Masters, Vol. 6",2020,jazz
Shierro,track,Momentum,Coffee Camino,2020,jazz
Thomas Fonnesbæk,track,Round Midnight,Standards,2020,jazz
Anthony Lazaro,track,Gravity,Strangers in Disguise,2020,jazz
Blake Aaron,track,Daylight,Daylight,2020,jazz
Taylor McFerrin,track,Chance to Say My Piece,Chance to Say My Piece,2020,jazz
gum.mp3,track,4D,House'n,2020,jazz
Bonobo,track,6000 Ft.,Heartbreak / 6000 Ft.,2020,jazz
fox capture plan,track,夜間航路 - Album Mix,Discovery,2020,jazz
Wolfgang Muthspiel,track,Hüttengriffe,Angular Blues,2020,jazz
Victoria,track,Perennial,Perennial,2020,jazz
Alan Broadbent Trio,track,Late Lament,Late Lament,2020,jazz
Sylvia Telles,track,Corcovado,Corcovado,2020,jazz
William Chapman Nyaho,track,Lament in Tremelo Form,Kete - Piano Music of Africa and the African Diaspora,2020,jazz
Jeff Laine & Co,track,You Confuse Me,You Confuse Me,2020,jazz
Brian Simpson,track,And Then You Loved Me,Unified,2020,jazz
Kahil El'Zabar,track,HOW CAN WE MEND A BROKEN HEART,Kahil El’Zabar’s America the Beautiful,2020,jazz
Living Room,track,No Borders,No Borders,2020,jazz
Wildflower Trio,track,Still Life,Still Life,2020,jazz
Kokoroko,track,Baba Ayoola,Baba Ayoola,2020,jazz
Daniel Ögren,track,Annalena,Fastingen -92,2020,jazz
Yussef Dayes,track,Jamaican Links,Welcome to the Hills,2020,jazz
Plini,track,The Glass Bead Game,Impulse Voices,2020,jazz
Jack Gardiner,track,Lark Lane,Escapades,2020,jazz
Ronald Langestraat,track,A fast drive through the universe,Apollo,2020,jazz
Shierro,track,Coffee Camino,Coffee Camino,2020,jazz
Tommy Emmanuel,track,Sail On,The Best of Tommysongs,2020,jazz
Måns & Dotter,track,Myren,Myren,2020,jazz
Hope Heights Jazz Band,track,I Wish You Love,I Wish You Love,2020,jazz
Aemone,track,Hold You,Diving,2020,jazz
Karen Souza,track,There You Are (Second Chance),Language of Love,2020,jazz
Long Island Quartet,track,Here´s That Rainy Day,Born in July,2020,jazz
Athletic Progression,track,Benihana,Athletic Progression,2020,jazz
Newington Green,track,Can't Help Falling in Love,Can't Help Falling in Love,2020,jazz
Jazzystics,track,Everybody Wants to Rule the World,Everybody Wants to Rule the World,2020,jazz
Remulak,track,You Know How It Goes,You Know How It Goes,2020,jazz
Tom Stills Quartet,track,Beneath The Pale Moonlight,Beneath The Pale Moonlight,2020,jazz
Bibi Tanga & The Selenites,track,Urban Tribal,Afro Groove,2020,jazz
Benny Goodman,track,Stomping at the Savoy - NBC Studios Version,Stomping at the Savoy (NBC Studios Version),2020,jazz
gum.mp3,track,Domin8r,Brainworks,2020,jazz
Groove Da Praia,track,"Yes Sir, I Can Boogie - Bossa Nova Version",The Collective,2020,jazz
Keith Jarrett,track,Part VII - Live,Part VII (Live),2020,jazz
Alfa Mist,track,Stay Here,Epoch,2020,jazz
Ennio Máno,track,Black Diamond,Yours,2020,jazz
Herb Alpert,track,This Guy's In Love With You,Herb Alpert Is...,2020,jazz
Mary Lattimore,track,Silver Ladders,Silver Ladders,2020,jazz
Paul Hardcastle,track,Tropicool,Hardcastle 9,2020,jazz
Athletic Progression,track,Japan,Athletic Progression,2020,jazz
Thelonious Coltrane,track,One 4 Jenny,One 4 Jenny / C'est La Vie,2020,jazz
Tate Jackson Trio,track,My Foolish Heart,My Foolish Heart,2020,jazz
Daniel Rhodes Trio,track,Smile,Smile,2020,jazz
Vincent Ingala,track,Caught Me By Surprise,Echoes Of The Heart,2020,jazz
Charles Lloyd,track,Requiem - Live,8: Kindred Spirits (Live From The Lobero),2020,jazz
Chattanooga Trio,track,Jazzanooga,Jazzanooga,2020,jazz
Blundetto,track,Fly High,Good Good Things,2020,jazz
Svaneborg Kardyb,track,Haven,Haven,2020,jazz
Ghostnaut,track,Nectar,Nectar,2020,jazz
Sunday Morning Jazz,track,Calm Sunday Breakfast,Sunday Morning Breakfast Chillout,2020,jazz
ichikoro,track,Enemy,A Legend,2020,jazz
Bibi Tanga & The Selenites,track,Palm Win,Afro Groove,2020,jazz
Robert Elovsson Quartet,track,Turpentine,Turpentine,2020,jazz
Sen Morimoto,track,Woof,Sen Morimoto,2020,jazz
Jørgen Emborg,track,Running,Swan Songs,2020,jazz
Tom Lewis Band,track,Dream A Little Dream,Dream A Little Dream,2020,jazz
Oscar Jerome,track,Sun For Someone,Breathe Deep,2020,jazz
James Earle Trio,track,Don't Mind Me,Don't Mind Me,2020,jazz
Robert Glasper,track,Violet's Kitchen,The Photograph (Original Motion Picture Soundtrack),2020,jazz
Burrito Brown,track,Maple Syrup,Maple Syrup,2020,jazz
Navy Blue,track,1491,Song of Sage: Post Panic!,2020,jazz
BADBADNOTGOOD,track,Goodbye Blue,Goodbye Blue,2020,jazz
Midtown Trio,track,Last Dance,Waltz At Midnight,2020,jazz
Förnuft och Känsla,track,Händelse,Händelse,2020,jazz
Shierro,track,Midnat Zon,Feel Again,2020,jazz
Sena Şener,track,Teni Tenime,Teni Tenime,2020,jazz
Jerry McHoy,track,LÄTT,SEGLA,2020,jazz
Nubya Garcia,track,The Message Continues,SOURCE,2020,jazz
Tall Black Guy,track,As the Night Moves,Restless as We Are,2020,jazz
Byron Miller,track,Real Love,Real Love,2020,jazz
Lester Wheel Quartet,track,Satin Sheets,"American Cool Jazz, Vol. 1",2020,jazz
Dave Brubeck,track,Summertime,Lullabies,2020,jazz
Miramare,track,Ocean Drift,Azure Blue,2020,jazz
Figub Brazlevic,track,Fainting of Rejection,"EXPEDITion 100, Vol.1: Figub Hadzi-Jusuf",2020,jazz
Ivan Ave,track,On the Very Low,Double Goodbyes,2020,jazz
Connie Lansberg,track,What'll I Do,What'll I Do,2020,jazz
Trattoria Italiana,track,Fino alla Luna e ritorno,Laidback Instrumental Jazz Tunes,2020,jazz
Stiff Cat Steve,track,Breaking Jazz,Jazz From The Back Garden,2020,jazz
Fulton Street Players,track,Caithness,Caithness,2020,jazz
Reese Quartet,track,I'll Be Home for Christmas,I'll Be Home for Christmas,2020,jazz
Ruby Rushton,track,Sun Khosi,Sun Khosi,2020,jazz
Jonah Aardekker,track,Theme for Lona,Juno & Lona,2020,jazz
Dezron Douglas,track,Never Can Say Goodbye,Force Majeure,2020,jazz
Matthieu Saglio,track,Amanecer,El Camino de los Vientos,2020,jazz
Miramare,track,Marseille,Azure Blue,2020,jazz
Jimmy Heath,track,Don't Misunderstand,Love Letter,2020,jazz
Spaze Windu,track,Putiton,Putiton,2020,jazz
Khutko,track,Camberwell,Camberwell,2020,jazz
Barry Can't Swim,track,Sunday At Glasto - Edit,Sunday at Glasto,2020,jazz
Various Artists,track,"Title Song - From Send Me No Flowers, 1964",Best ROCK HUDSON Movie Themes (Original Movie Soundtrack),2020,jazz
Various Artists,track,Born to Play Reprise,Soul (Original Motion Picture Soundtrack),2020,jazz
Bob Stewart,track,Fishin' Blues (with Taj Mahal),Then & Now,2020,jazz
GoGo Penguin,track,Don’t Go,GoGo Penguin,2020,jazz
Blake Aaron,track,Fall For You,Color and Passion,2020,jazz
Various Artists,track,There's Nothing Like This,Neo Soul Sessions,2020,jazz
Peggy Lee,track,He's A Tramp,Ultimate Peggy Lee,2020,jazz
Deca,track,False Light,Snakes and Birds,2020,jazz
Quantic,track,Nineteen Hundred and Eighty Five,Theme from Selva,2020,jazz
gum.mp3,track,Brainworks,Brainworks,2020,jazz
Melody Gardot,track,Um Beijo,Sunset In The Blue,2020,jazz
Magpie Jazz Trio,track,Blue Bossa,After You've Gone,2020,jazz
The Blue Room Band,track,Emily,Have You Met Miss Jones?,2020,jazz
MEGTARO,track,In Thoughtful,Newselves,2020,jazz
Vernon Sanders,track,Cherie,Cherie,2020,jazz
Oli Silk,track,Sanctuary St.,6,2020,jazz
Plini,track,Ona / 1154,Impulse Voices,2020,jazz
Godfather Don,track,Do My Thing,"Beats, Bangers & Biscuits at 535 E 55th St",2020,jazz
Stiff Cat Steve,track,Making Toast,Jazz From The Back Garden,2020,jazz
Harmonicas Of The World,track,Blue Drag,Blue Drag,2020,jazz
James Earle Trio,track,If You Want To,If You Want To,2020,jazz
Burt Mitchell,track,My Mistake,Fading Love,2020,jazz
44th Move,track,Little Techno,44th Move,2020,jazz
Alexander Martin Jazz Trio,track,Never Let Me Go,Lil' Darlin',2020,jazz
John Coltrane,track,Mr. P.C. - 2020 Remaster,Giant Steps (60th Anniversary Super Deluxe Edition) [2020 Remaster],2020,jazz
Damu The Fudgemunk,track,Professor Shepp's Agenda 3,Ocean Bridges,2020,jazz
The Midnight Quartet,track,Reaching,Reaching,2020,jazz
Burt Mitchell,track,Fading Love,Fading Love,2020,jazz
Various Artists,track,Get Your Head Bust,Ghettoboom Vol. 1,2020,jazz
Dave Koz,track,The Closer We Get,A New Day,2020,jazz
Ghostnaut,track,Good Times,Good Times,2020,jazz
Dave Brubeck,track,There’s No Place Like Home,Lullabies,2020,jazz
Marcin Wasilewski Trio,track,Glimmer Of Hope,Glimmer Of Hope,2020,jazz
Photay,track,Pressure,Waking Hours,2020,jazz
Oli Howe,track,TBC (Interlude),Moving Forward,2020,jazz
Eve St. Jones,track,Say Say Say,Make Your Move,2020,jazz
Yussef Dayes,track,Yesterday Princess,Welcome to the Hills,2020,jazz
Bobby Dreamz BIG,track,Crazy Again,Retrospective,2020,jazz
Ten Thirty Trio,track,Lucky To Be Me,Lucky To Be Me,2020,jazz
Oscar Jerome,track,draggin’ my,Breathe Deep,2020,jazz
J Boogie's Dubtronic Science,track,Be Free,Be Free,2020,jazz
Dave Brubeck,track,Over The Rainbow,Over The Rainbow,2020,jazz
SYNC.EXE,track,Waterfall,Waterfall,2020,jazz
Deca,track,Bedrock,Snakes and Birds,2020,jazz
Dea Sancta,track,Silver Lining,Americas,2020,jazz
The Capital Club Trio,track,Lady Sings the Blues,Beyond the Sea,2020,jazz
Simply Coffeehouse,track,This Is Bossa Coffeehouse Isolation,Bossa Coffeehouse Isolation,2020,jazz
Various Artists,track,Sesame,Coffee Beats,2020,jazz
Long Island Quartet,track,I Remember Clifford,Someone To Watch Over Me,2020,jazz
Potatohead People,track,Baby Got Work,Mellow Fantasy,2020,jazz
Hara Noda,track,Years,Years,2020,jazz
The BREED,track,Canção,Canção,2020,jazz
Javano,track,The Drift,The Drift,2020,jazz
Brooks Jazz Band,track,It's Magic,Mack the Knife,2020,jazz
Jacob Webb,track,Details,All In The Details,2020,jazz
Olepash,track,In a Light Mood,Olepash,2020,jazz
Lee Ritenour,track,Dreamcatcher,Dreamcatcher,2020,jazz
Dirty Loops,track,Work Shit Out,Phoenix,2020,jazz
Olepash,track,Note in a Book,Olepash,2020,jazz
The Cooltrane Quartet,track,Human,Human,2020,jazz
Kandace Springs,track,The Nearness Of You,The Women Who Raised Me,2020,jazz
Stiff Cat Steve,track,Waiting For The Jazz Boat To Sail,Jazz From The Back Garden,2020,jazz
Flora Martínez,track,I´m a Fool to Want You,I´m a Fool to Want You,2020,jazz
Gillian Spencer Trio,track,I'm Glad I Met You,I'm Glad I Met You,2020,jazz
EllMatic,track,Irreversible,Practice Makes Perfect,2020,jazz
The Sorcerers,track,Opening Titles,In Search of the Lost City of the Monkey God,2020,jazz
Robert Glasper,track,Exhibit,The Photograph (Original Motion Picture Soundtrack),2020,jazz
Dirty Loops,track,Rock You (Lenno Remix),Rock You (Lenno Remix),2020,jazz
Moonspatz,track,Radio Moonspatz,Radio Moonspatz,2020,jazz
Mangrove Yeltsin,track,Guitar and Piano Jazz Tandem,A Feel for Instrumental Jazz,2020,jazz
The Cooltrane Quartet,track,Wonderful Life,Wonderful Life,2020,jazz
Gregoire Maret,track,Re: Stacks - Radio Edit,Americana,2020,jazz
Blu & Exile,track,Requiem Of Blue,Miles,2020,jazz
Braxton Cook,track,Don't Wanna See You,Fire Sign,2020,jazz
Robert Glasper,track,London,The Photograph (Original Motion Picture Soundtrack),2020,jazz
Trattoria Italiana,track,Trumpet Americana,Mellow Background Jazz Classics,2020,jazz
Lena Dardelet,track,When the Sun,When the Sun,2020,jazz
Aretha Franklin,track,Never Gonna Break My Faith (feat. The Boys Choir of Harlem),Never Gonna Break My Faith (feat. The Boys Choir of Harlem),2020,jazz
Aaron Parks,track,Here,Little Big II: Dreams of a Mechanical Man,2020,jazz
Benny Green,track,Tivoli,Benny's Crib,2020,jazz
Fritz Baker,track,Get Around Next Time,Osaka Jazz Nights,2020,jazz
Butcher Brown,track,Frontline,#KingButch,2020,jazz
Dirty Loops,track,Breakdown,Phoenix,2020,jazz
Gesmis,track,Always Highhh,Always Highhh,2020,jazz
Stella Starlight Trio,track,Finally,Finally,2020,jazz
Trattoria Italiana,track,The Man I Love Wouldn't Do That,Laidback Instrumental Jazz Tunes,2020,jazz
Jill Barber,track,Chat domestique,Entre nous,2020,jazz
Olepash,track,School Times,Olepash,2020,jazz
Daniel Herskedal,track,The Vernal Equinox,Call for Winter,2020,jazz
Otesla,track,Gardens,Gardens,2020,jazz
jizue,track,marten,Seeds,2020,jazz
Ollie Reiss Trio,track,Prelude to a Kiss,Alone Together,2020,jazz
Dea Sancta,track,The Crunch,El Dorado,2020,jazz
Leslie Odom Jr.,track,Snow,The Christmas Album,2020,jazz
Carla Moses,track,je vivrai sans toi,I Will Say Goodbye,2020,jazz
Greg Foat,track,Symphonie Pacifique,Symphonie Pacifique,2020,jazz
Skalpel,track,Escape - Hania Rani Remix,Escape (Hania Rani Remix),2020,jazz
Sátyr,track,Inner Peace,Inner Peace,2020,jazz
Dirty Loops,track,World On Fire,Phoenix,2020,jazz
Mangrove Yeltsin,track,Holiday Sunrise,Rooftop Sunrise,2020,jazz
Kamaal Williams,track,Street Dreams,Wu Hen,2020,jazz
Melody Gardot,track,There Where He Lives In Me,Sunset In The Blue,2020,jazz
Lauren Henderson,track,Beautiful Love,The Songbook Session,2020,jazz
Michael Diamond,track,You Like Jazz?,You Like Jazz?,2020,jazz
Moonspatz,track,In Tune with the Universe,Radio Moonspatz,2020,jazz
Ayzon,track,YOU CAN DO IT,Invisible Man,2020,jazz
Hudson Harris & Haim,track,Blue in Green,Blue in Green,2020,jazz
Navy Blue,track,Breathe,Song of Sage: Post Panic!,2020,jazz
halfpastseven,track,Abu Dhabi,Bedroom Jams,2020,jazz
Three Four Trio,track,Tenor Madness,Tenor Madness,2020,jazz
URCHN,track,Ova,Ova,2020,jazz
Brooklyn Smith,track,Beautiful Love,VOL.1,2020,jazz
Little Tree Jazz Trio,track,I Concentrate on You,I Concentrate on You,2020,jazz
Sunday Morning Jazz,track,Smooth Vibes and OJ,Sunday Morning Breakfast Chillout,2020,jazz
Arch Echo,track,To the Moon,To the Moon,2020,jazz
Carla Moses,track,smoke gets in your eyes,I Will Say Goodbye,2020,jazz
Mulatu Astatke,track,Mulatu,To Know Without Knowing,2020,jazz
Oiseaux-Tempête,track,Canyons,Tlamess (Sortilège),2020,jazz
Various Artists,track,Drowning In You,Chillhop Essentials Fall 2020,2020,jazz
Boney James,track,Tonic,Solid,2020,jazz
I Am An Instrument,track,Part III,"IAAI, Vol. 3",2020,jazz
RINZ.,track,Lotus,Lotus,2020,jazz
Anja Lechner,track,Hymne,Lontano,2020,jazz
SicknessMP,track,Thoughts of Clouds,Thoughts of Clouds,2020,jazz
SamuW,track,Between Sessions,Between Sessions,2020,jazz
Ovrkast.,track,Face,Try Again,2020,jazz
Damu The Fudgemunk,track,Tulips,Tulips,2020,jazz
We Three Trio,track,Ask Me Again,Ask Me Again,2020,jazz
Robert Glasper,track,Better Than I Imagined [Feat. H.E.R. & Meshell Ndegeocello] - KAYTRANADA Remix,Better Than I Imagined [Feat. H.E.R. & Meshell Ndegeocello] (KAYTRANADA Remix),2020,jazz
Peggy Lee,track,The Folks Who Live On The Hill,Ultimate Peggy Lee,2020,jazz
Oilix,track,Rolling Waves,Travels,2020,jazz
Ovrkast.,track,Outro (Its Time),Try Again,2020,jazz
Alice Russell,track,Hurry on Now - Boub Remix,Under the Munka Moon II,2020,jazz
Stiff Cat Steve,track,The Careful Loading Of The Dishwasher,Jazz From The Back Garden,2020,jazz
SamuW,track,Blur,Blur,2020,jazz
Delicatessen,track,Ingênuo,Happy Madness,2020,jazz
Parov Stelar,track,Tango Del Fuego,Tango Del Fuego,2020,jazz
Various Artists,track,Birth,Chillhop Essentials Fall 2020,2020,jazz
Dexter Story,track,Gold,Bahir,2020,jazz
Mel Tormé,track,A Nightingale Sang In Berkeley Square,Tormé Meets The British,2020,jazz
Alfa Mist,track,L4,On My Ones,2020,jazz
Gerardo Frisina,track,Cuiaba',Moving Ahead,2020,jazz
Peter Kind,track,Hello,Hello,2020,jazz
RJD2,track,Indoor S'mores,The Fun Ones,2020,jazz
Gustav Scheringer Duo,track,Feel Like Making Love,Feel Like Making Love,2020,jazz
Various Artists,track,Nowin,シーナリー・オブ・ジャパニーズ・ジャズ,2020,jazz
Shierro,track,Do Not Disturb,Feel Again,2020,jazz
Keith Jarrett,track,Part VIII - Live,Part VIII (Live),2020,jazz
Mz Boom Bap,track,The Lineage,The Lineage,2020,jazz
Norman Brown,track,Heart To Heart,Heart To Heart,2020,jazz
Skinny Hightower,track,BITTERSWEET,BITTERSWEET,2020,jazz
Brian Culbertson,track,Looking Back,XX,2020,jazz
Self-Isolation Coffeehouse,track,Finish That Book - Reading Background Sounds,Upbeat Jazz for Self-Isolation,2020,jazz
Tommy Emmanuel,track,The Wide Ocean,The Best of Tommysongs,2020,jazz
Faraj Suleiman,track,Questions on My Mind,Better Than Berlin,2020,jazz
Dave Koz,track,The Closer We Get,The Closer We Get,2020,jazz
Fritz Baker,track,Diamonds for You,Osaka Jazz Nights,2020,jazz
Ituana,track,Valerie,More Than a Woman,2020,jazz
SALVALAI,track,red.,Focus,2020,jazz
Tommy Emmanuel,track,Drivetime,The Best of Tommysongs,2020,jazz
Shierro,track,Get Some,Coffee Camino,2020,jazz
Sunday Morning Jazz,track,At Table,Sunday Morning Breakfast Chillout,2020,jazz
Oded Tzur,track,Can't Help Falling In Love,Here Be Dragons,2020,jazz
Lara Rosseel,track,Tree,De Grote Vrouw,2020,jazz
Gregoire Maret,track,Re: Stacks,Americana,2020,jazz
Gregory Porter,track,Concorde,All Rise (Deluxe),2020,jazz
Bibi Tanga & The Selenites,track,Ubangi Bangi,Afro Groove,2020,jazz
Jamie Lancaster,track,All the Small Things,All the Small Things,2020,jazz
LeRoyce,track,Fallback,Fallback,2020,jazz
Oded Tzur,track,Miniature 2,Here Be Dragons,2020,jazz
Figub Brazlevic,track,Méditerranée,Kaseta De Ouf,2020,jazz
4th Street Trio,track,Beautiful Love,Jazz Trio Nights,2020,jazz
Scott Bradlee's Postmodern Jukebox,track,Mr. Blue Sky,OK Crooner,2020,jazz
Kandace Springs,track,Solitude,The Women Who Raised Me,2020,jazz
UWS Jazz Trio,track,Central Park West,Central Park West,2020,jazz
DJ Ryow a.k.a. Smooth Current,track,Mirage (feat. Marcus D),Mirage (feat. Marcus D),2020,jazz
Trattoria Italiana,track,Canzone jazz latina e spagnola,Laidback Instrumental Jazz Tunes,2020,jazz
Leslie Odom Jr.,track,Winter Song (feat. Cynthia Erivo),The Christmas Album,2020,jazz
Snazzback,track,Flump - Ishmael Ensemble Rework,Grook,2020,jazz
Scruscru,track,Teuf De Ouf,Teuf De Ouf EP,2020,jazz
Screen Jazzmaster,track,Morning in Tbilisi,Morning in Tbilisi,2020,jazz
Richard Spaven,track,1759 (Outro),Spaven x Sandunes,2020,jazz
Tom Stills Quartet,track,Hoping,Hoping,2020,jazz
Dea Sancta,track,Carnival Dress,El Dorado,2020,jazz
Thiago Sanchez Jazz Quartet,track,Mood for Fine Restaurants - Alto Saxophone Bossa,"Classy Hotels, Alto Sax Bossa Nova",2020,jazz
Moon Hooch,track,Nonphysical,Life on Other Planets,2020,jazz
Erroll Garner,track,Lovely to Look At - Remastered 2020,Gershwin & Kern (Octave Remastered Series),2020,jazz
GRiZ,track,Brain Fuzz,Bangers[6].Zip,2020,jazz
The Sorcerers,track,Summoning the Monkey God,In Search of the Lost City of the Monkey God,2020,jazz
RejSende,track,Rainy Friday,Rainy Friday,2020,jazz
Sunday Morning Jazz,track,Lander Be Gone,Sunday Morning Breakfast Chillout,2020,jazz
Sunday Morning Jazz,track,Happy Moments,Sunday Morning Breakfast Chillout,2020,jazz
Navy Blue,track,Sea Bass,Song of Sage: Post Panic!,2020,jazz
Caravan Palace,track,Moonshine - Bakermat Remix,Moonshine (Bakermat Remix),2020,jazz
Self-Isolation Coffeehouse,track,Instrumental Background Music for Working from Home,Smooth Jazz for Self-Isolation,2020,jazz
Katashi Kaitō,track,Block Party,Block Party,2020,jazz
Jack Gardiner,track,SkyBluePink,SkyBluePink,2020,jazz
t.Stratt,track,II - Giant Leaves,Lost Tales: Wandering Alone,2020,jazz
Side Room Jazz Trio,track,In A Sentimental Mood,In A Sentimental Mood,2020,jazz
Deca,track,Snakes and Birds,Snakes and Birds,2020,jazz
Phillip Doc Martin,track,Won't Let Go,Phillip Doc Martin,2020,jazz
Dave Brubeck,track,Going To Sleep,Lullabies,2020,jazz
Bohren & Der Club Of Gore,track,Patchouli Blue,Patchouli Blue,2020,jazz
Norah Jones,track,How I Weep,How I Weep,2020,jazz
Okvsho,track,Luis Leads to the Galaxy,Kamala's Danz,2020,jazz
Butcher Brown,track,Gum In My Mouth,#KingButch,2020,jazz
The Jazz Cultivators,track,I Fall In Love Too Easily,Speak Low,2020,jazz
Blundetto,track,País Azucar,Good Good Things,2020,jazz
John Coltrane,track,Countdown - 2020 Remaster,Giant Steps (60th Anniversary Super Deluxe Edition) [2020 Remaster],2020,jazz
Navy Blue,track,Post Panic!,Song of Sage: Post Panic!,2020,jazz
Kamaal Williams,track,Toulouse,Wu Hen,2020,jazz
Ituana,track,It's My Life,More Than a Woman,2020,jazz
FloFilz,track,Ivebeentryin',Ivebeentryin',2020,jazz
Jamie Cullum,track,It's Christmas,The Pianoman at Christmas,2020,jazz
David Clough Quartet,track,"Bewitched, Bothered and Bewildered",My Favorite Things,2020,jazz
Sophie Alour,track,"Duo oud, saxophone (Improvisation)",Joy,2020,jazz
Blu & Exile,track,The American Dream,Miles,2020,jazz
igory,track,Tonedeaf,Tonedeaf,2020,jazz
Stella Starlight Trio,track,Sunrise,Sunrise,2020,jazz
Jonah Aardekker,track,The Best Stories Are Short,The Best Stories Are Short,2020,jazz
Mary Lattimore,track,Dreaming of the Kelly Pool,Dreaming of the Kelly Pool,2020,jazz
Herb Alpert,track,A Taste Of Honey,Herb Alpert Is...,2020,jazz
Hugo Mari,track,Swim,Swim,2020,jazz
George Fields,track,Got to Go,Beyond Realm,2020,jazz
Braxton Cook,track,Shooting Star,Fire Sign,2020,jazz
Karmawin,track,Tokyo Lounge,Tokyo Lounge,2020,jazz
Anthony Lazaro,track,Something New,The Guest List,2020,jazz
Athletic Progression,track,Convoy,Athletic Progression,2020,jazz
Navy Blue,track,Love Is...,Àdá Irin,2020,jazz
Simone Kopmajer,track,A Man and a Woman,My Wonderland,2020,jazz
Michael Stylez & Co,track,Forgiving,Forgiving,2020,jazz
iwamizu,track,Love at First Sight,Alone 2,2020,jazz
SamuW,track,Jiyu,Jiyu,2020,jazz
Lester Wheel Quartet,track,Ready We Are,"American Cool Jazz, Vol. 2",2020,jazz
fox capture plan,track,不可思議のカルテ,Discovery,2020,jazz
Dea Sancta,track,On the Road,Americas,2020,jazz
Athletic Progression,track,Candy,Athletic Progression,2020,jazz
Freddie Joachim,track,Water & Sand,Water & Sand / All G,2020,jazz
Bonus Points,track,The Match,The Match,2020,jazz
Ezra Collective,track,Dark Side Riddim,Dark Side Riddim / Samuel L.Riddim,2020,jazz
The Jeff Steinberg Jazz Ensemble,track,Moondance,Cocktail Lounge: Easy Jazz 70s,2020,jazz
Michel Portal,track,Portrait de l'artiste en clown,Un été à la garoupe (Original Motion Picture Soundtrack),2020,jazz
Sixth Street Quartet,track,Goodbye Pork Pie Hat,Morning Heartache EP,2020,jazz
Amp Fiddler,track,Through Your Soul,Amp Dog Knights,2020,jazz
Art Blakey & The Jazz Messengers,track,Close Your Eyes,Just Coolin',2020,jazz
Jazzystics,track,Sleeping Satellite,Sleeping Satellite,2020,jazz
GRiZ,track,Medusa - NotLö Remix,Medusa (Remixes),2020,jazz
Nate Smith,track,Rhythm and Blues: The Peacemaker,Light and Shadow,2020,jazz
Spective,track,Memory Lane,Memory Lane,2020,jazz
Louis Armstrong,track,On A Cocoanut Island,Satchmo: The Decca And Verve Years 1924-1967,2020,jazz
Benny Benack III,track,Social Call,A Lot of Livin' to Do,2020,jazz
Dave Brubeck,track,Brahms Lullaby,Lullabies,2020,jazz
Michael Pipoquinha,track,Tipo Dani,Cumplicidade,2020,jazz
Leslie Rossiter Band,track,The Best Things in Life Are Free,Mack the Knife,2020,jazz
Marcos Caixa,track,Vintage Coffee Table,Vintage Coffee Table,2020,jazz
Calmtea,track,Prime Time TV,Tea & Biscuits,2020,jazz
ultmt.,track,✨,✨,2020,jazz
Obie Hans,track,Colors Reborn,Colors Reborn,2020,jazz
The Stilltones,track,Julia,Julia,2020,jazz
Tom Jarmey,track,Shimmer,Amber Glass,2020,jazz
Candy Kid,track,Vanilla Moonlight,Vanilla Moonlight,2020,jazz
Coffeehouse BGM Station,track,Pure Enjoyment,House Blend,2020,jazz
Boogie Belgique,track,Rhythm,Rhythm,2020,jazz
Robert Glasper,track,The Wake,The Photograph (Original Motion Picture Soundtrack),2020,jazz
Suff Daddy,track,Pompette,Pompette,2020,jazz
Greg Spero,track,Spherical - Tiny Room Sessions,Spherical (Tiny Room Sessions),2020,jazz
Robert Thies,track,Le Musicien,Blue Landscapes III: Frontiers (Music from a Quieter Place),2020,jazz
L'Indécis,track,keep on,keep on,2020,jazz
The Cooltrane Quartet,track,Fly Me to the Moon,Fly Me to the Moon,2020,jazz
Sixth Street Quartet,track,Good Morning Heartache,Morning Heartache EP,2020,jazz
Cal Tjader,track,Key Largo,Demasiado Caliente (Extended Version),2020,jazz
FloFilz,track,Karru,Karru,2020,jazz
Bohren & Der Club Of Gore,track,Sollen es doch alle wissen,Patchouli Blue,2020,jazz
Frank Zappa,track,Anyway The Wind Blows,Zappa Original Motion Picture Soundtrack,2020,jazz
Shabaka and the Ancestors,track,Teach Me How To Be Vulnerable,We Are Sent Here By History,2020,jazz
Alabaster DePlume,track,Turpentine,"To Cy & Lee: Instrumentals, Vol. 1",2020,jazz
Dafnis Prieto,track,Amanecer Contigo,Transparency,2020,jazz
Long Island Quartet,track,Alfie,Born in July,2020,jazz
The Smooth Jazz Alley,track,Tidal,Let's Ride,2020,jazz
Greg Spero,track,Really Mad - Tiny Room Sessions,Really Mad (Tiny Room Sessions),2020,jazz
Ruby Rushton,track,Chrysalis,Sun Khosi,2020,jazz
Tall Black Guy,track,We Rollin' for You,We Rollin' for You,2020,jazz
Various Artists,track,Spiritual Connection,Soul (Original Motion Picture Soundtrack),2020,jazz
Melody Gardot,track,I Fall In Love Too Easily,Sunset In The Blue,2020,jazz
Robert Glasper,track,Michael Helps Mae,The Photograph (Original Motion Picture Soundtrack),2020,jazz
KLIM,track,Romantic Rain,Romantic Rain,2020,jazz
Mocky,track,Feeling Like I Like,Feeling Like I Like,2020,jazz
FloFilz,track,One4Winter,One4Winter,2020,jazz
Mangrove Yeltsin,track,Cats Hate Closed Doors,A Feel for Instrumental Jazz,2020,jazz
damaa.beats,track,memento,memento,2020,jazz
Coffee Shop Jazz Relax,track,Moments for Organic Coffee Roasters,Sultry Soundscapes for Juice Bars,2020,jazz
Mr. Käfer,track,Dawn at the Souk,Dawn at the Souk,2020,jazz
Gramatik,track,Aymo,Re:Coil Deluxe,2020,jazz
Cheryl Patterson,track,I Only Have Eyes for You,Old Devil Moon,2020,jazz
Leslie Rossiter Band,track,Moonlight in Vermont,Mack the Knife,2020,jazz
Konteks,track,Anemone,Equinox,2020,jazz
Thiago Sanchez Jazz Quartet,track,Outstanding Moments for Alternative Lounges,"Classy Hotels, Alto Sax Bossa Nova",2020,jazz
Lars Christian Lundholm,track,Summer Polish Is Beautiful,"Lars Christian Lundholm, Vol. 15",2020,jazz
The Jazz Cultivators,track,When Lights Are Low,When Lights Are Low,2020,jazz
Trattoria Italiana,track,Blackbirds in Daytime,Mellow Background Jazz Classics,2020,jazz
Rufio Patio,track,Memory of a Town,Calming Bossa Blend,2020,jazz
Robert Thies,track,Forest Path,Blue Landscapes III: Frontiers (Music from a Quieter Place),2020,jazz
Danny Rose Trio,track,My Ideal,My Ideal,2020,jazz
Various Artists,track,Don't Let Me Be Misunderstood,"Funky Jazz, Blues & Soul",2020,jazz
Alabaster DePlume,track,What's Missing,"To Cy & Lee: Instrumentals, Vol. 1",2020,jazz
Work Focus Station,track,Take Pride in Your Work,"Gentle Acoustic Jazz for Working from Home, Vol. 2",2020,jazz
Ebi Soda,track,Summer One,Ugh,2020,jazz
Jazzystics,track,Baby,Baby,2020,jazz
Tigran Hamasyan,track,Levitation 21,The Call Within,2020,jazz
Caravan Palace,track,Moonshine - Chronometric Edit,Moonshine,2020,jazz
Brian Simpson,track,Unified,Unified,2020,jazz
Alan Perlman Band,track,Stolen Moments,I Left My Heart In San Francisco,2020,jazz
Geeder,track,When Sunny Gets Blue,Before You Leave,2020,jazz
Coffee House Instrumental Jazz Playlist,track,Backdrop for Classy Restaurants - Paradise Like Jazz Quintet,"Classic Coffee Houses, Guitar Jazz",2020,jazz
Karmawin,track,Dusty Memories,Crossway,2020,jazz
Funky DL,track,Fanatic - Instrumental,Life After Dennison (Instrumentals),2020,jazz
Tommy Emmanuel,track,Halfway Home,The Best of Tommysongs,2020,jazz
FloFilz,track,Doorsteps,Beats On Boat: FloFilz,2020,jazz
Dave Brubeck,track,Danny Boy,Lullabies,2020,jazz
Stiff Cat Steve,track,At The End Of The Day,Not Just Ordinary Jazz,2020,jazz
Tom Jarmey,track,Twilight Zone,Twilight Zone,2020,jazz
Brian Simpson,track,Unified,Unified,2020,jazz
Siimbiie Lakew,track,BAD FOR THE SOUL,VIICES,2020,jazz
Geeder,track,When Sunny Gets Blue,Before You Leave,2020,jazz
RINZ.,track,Anew,Anew,2020,jazz
Dea Sancta,track,All Alone,Americas,2020,jazz
Joshua Redman,track,"Right Back Round Again (feat. Brad Mehldau, Christian McBride & Brian Blade)","RoundAgain (feat. Brad Mehldau, Christian McBride, Brian Blade)",2020,jazz
Anthony Lazaro,track,Life Could Be so Simple,Strangers in Disguise,2020,jazz
Deca,track,High Wire,Snakes and Birds,2020,jazz
t.Stratt,track,Rain Forest,Rain Forest,2020,jazz
Peter Bernstein,track,Newark News,What Comes Next,2020,jazz
Hollbeck,track,Omväg,Omväg,2020,jazz
Gabriel Latchin Trio,track,Santa Claus Is Comin' to Town,I'll Be Home for Christmas,2020,jazz
Various Artists,track,Dream Machine,Om Records - 25 Years,2020,jazz
The MaddGeek,track,Therapy Session,Therapy Session,2020,jazz
Parisian Jazz Lounge,track,Leaves On The Pavement,A Long Time In Paris With Jazz,2020,jazz
NABOWA,track,Inariyama tunnel (Produced by Itaru Horikawa),Sketch,2020,jazz
Kamasi Washington,track,Connections,Becoming (Music from the Netflix Original Documentary),2020,jazz
The Smooth Jazz Alley,track,Let's Ride,Let's Ride,2020,jazz
Flora Martínez,track,Good Morning Heartache,Good Morning Heartache,2020,jazz
Okvsho,track,Descobrir,Kamala's Danz,2020,jazz
Puss N Boots,track,The Grass Is Blue,Sister,2020,jazz
Olepash,track,A Pensive Stranger,Olepash,2020,jazz
Dzihan & Kamien,track,99 - Instrumental,99,2020,jazz
Coffee Shop Jazz Relax,track,Moments for Organic Coffee Roasters,Vibe for Classic Diners,2020,jazz
Dan Evans-Parker,track,Hush,Hush,2020,jazz
Aaron Parks,track,Is Anything Okay?,Little Big II: Dreams of a Mechanical Man,2020,jazz
Ardhito Pramono,track,Here We Go Again / Fanboi,Craziest thing happened in my backyard,2020,jazz
Matt Dusk,track,Summer Wind,Summer Wind,2020,jazz
Calmtea,track,Bebop Jazz Rhythm Therapy,Tea & Biscuits,2020,jazz
Coffee Shop Jazz Relax,track,Sounds for Funky Hotels,Sultry Soundscapes for Juice Bars,2020,jazz
Coffee Shop Jazz Relax,track,Scintillating Sound for Fresh Restaurants,Brilliant Mood for Cool Tea Bars,2020,jazz
Yussef Dayes,track,"For My Ladies - Live in Copenhagen, July 9, 2019",Welcome to the Hills,2020,jazz
Various Artists,track,Cristo Redentor,Soul (Original Motion Picture Soundtrack),2020,jazz
Alfa Mist,track,Fly Away,Epoch,2020,jazz
Coffee Shop Jazz Relax,track,Friendly Bgm for Organic Coffee Roasters,Bgm for Cool Tea Bars,2020,jazz
Antonio Adolfo,track,Cláudia,Vamos Partir Pro Mundo - a Música de Antonio Adolfo e Tibério Gaspar,2020,jazz
Self-Isolation Coffeehouse,track,Calm Background Jazz for Reading,Smooth Jazz for Self-Isolation,2020,jazz
Mangrove Yeltsin,track,Classy Jazz Mondays,Rooftop Sunrise,2020,jazz
Coffee House Instrumental Jazz Playlist,track,Ambience for Boutique Coffee Shops,Music for Luxurious Spaces,2020,jazz
Ivan Ave,track,Good,Double Goodbyes,2020,jazz
Olepash,track,Simple Solutions,Olepash,2020,jazz
Revolutionary Rhythm,track,Anything,Anything,2020,jazz
Geeder,track,Skylark,Interplay,2020,jazz
Coffee Shop Jazz Relax,track,Sprightly Soundscape for Juice Bars,Moments for Organic Coffee Roasters,2020,jazz
Adrian Younge,track,Nancy Wilson,Jazz Is Dead 001,2020,jazz
Tall Trees Jazz,track,Summertime,Summertime,2020,jazz
Oli Howe,track,Too Many Kicks,Moving Forward,2020,jazz
Bequem,track,Summer Day,Summer Day,2020,jazz
Oscar Jerome,track,Gravitate,Breathe Deep,2020,jazz
Various Artists,track,"Thank You, St Germain",Slothboogie Presents Dancing with Friends,2020,jazz
George White Group,track,That's When I Think of You,That's When I Think of You,2020,jazz
Otis Redding,track,(Sittin' on) The Dock of the Bay - 2020 Remaster,The Best Of Otis Redding,2020,jazz
Olepash,track,Jazz Ballad,Olepash,2020,jazz
Daniel Ögren,track,Hjälmarsfjorden,Fastingen -92,2020,jazz
George White Group,track,Come Go with Me,Come Go with Me,2020,jazz
Blu & Exile,track,Miles Away,Miles,2020,jazz
Coffee Shop Jazz Relax,track,Suave Ambience for Funky Hotels,Moments for Organic Coffee Roasters,2020,jazz
Godfather Don,track,Watching You,Osmosis (Deluxe Edition),2020,jazz
Otis Ubaka,track,Morning Chill,Morning Chill,2020,jazz
Laurence Guy,track,Untitled Needs,The Sun Is Warm and Directly Above You,2020,jazz
Various Artists,track,Fruit of the Vine,Soul (Original Motion Picture Soundtrack),2020,jazz
Coffee Shop Jazz Relax,track,Inspiring Moment for Organic Coffee Roasters,Music for Cozy Coffee Houses,2020,jazz
Toufic Farroukh,track,"Amour - From ""Al Mahd""",8 Original Soundtracks (Original motion picture soundtrack),2020,jazz
Vincent Ingala,track,Somewhere In Time,Echoes Of The Heart,2020,jazz
Testiculo y Uno,track,Alone w/u,Two,2020,jazz
GRiZ,track,Medusa - GRiZ Remix,Medusa (Remixes),2020,jazz
Sweet Medicine,track,Feelin',"EXPEDITion 100, Vol. 6: Sunday Breezin'",2020,jazz
Norah Jones,track,Tryin' To Keep It Together,Tryin' To Keep It Together,2020,jazz
Dinah Eastwood,track,Just a Girl,Just a Girl,2020,jazz
Roy Ayers,track,Hey Lover,Roy Ayers JID002,2020,jazz
Bibi Tanga & The Selenites,track,Savannah Nights,Afro Groove,2020,jazz
t.Stratt,track,I - Winding Roots,Lost Tales: Wandering Alone,2020,jazz
John Coltrane,track,Cousin Mary - 2020 Remaster,Giant Steps (60th Anniversary Super Deluxe Edition) [2020 Remaster],2020,jazz
Ryler Smith,track,Pulla Kimono X,Vers Libre,2020,jazz
Stiff Cat Steve,track,The Pussy Is Always Right,Jazz From The Back Garden,2020,jazz
Charlie Parker,track,Cheryl,The Savoy 10-inch LP Collection,2020,jazz
Cocktails & Jazz,track,Just One More,Jazz & Cocktails Lounge Music,2020,jazz
Jules Hiero,track,I Scream,I Scream,2020,jazz
Kamaal Williams,track,1989,Wu Hen,2020,jazz
Tom Misch,track,What Kinda Music,What Kinda Music,2020,jazz
Dave Brubeck,track,Sleep,Lullabies,2020,jazz
Eve St. Jones,track,Everywhere,Make Your Move,2020,jazz
Marcos Caixa,track,Morning & Night,Morning & Night,2020,jazz
Deauxnuts,track,Origami,Origami,2020,jazz
Blu & Exile,track,True & Livin',Miles,2020,jazz
Potatohead People,track,Hidden Levels,Mellow Fantasy,2020,jazz
Baden Powell,track,Rosa Flor,Powell & Pratt,2020,jazz
Ituana,track,Overprotected,More Than a Woman,2020,jazz
Dave Koz,track,Long Goodbyes,A New Day,2020,jazz
Roy Ayers,track,Gravity,Roy Ayers JID002,2020,jazz
Katashi Kaitō,track,San Francisco Nights,San Francisco Nights,2020,jazz
Ganzo,track,Happy Feet,Happy Feet,2020,jazz
The MaddGeek,track,Let's Take It Slow,However Long It Takes,2020,jazz
Ben Bernie and His Hotel Roosevelt Orchestra,track,There’s Nothing Too Good for My Baby (Brunswick 6220) [Recorded 1931],Ben Bernie and His Hotel Roosevelt Orchestra (1920’s Dance Jazz Band) [Recorded 1931] [Encore 5],2020,jazz
Incognito,track,Wake Me - Louie Vega & Joe Claussell Remix,Wake Me (Louie Vega & Joe Claussell Remix),2020,jazz
Coffee Shop Jazz Relax,track,Bossa - Background for Funky Hotels,Music for Cozy Coffee Houses,2020,jazz
