artista,id_artista
Tory Lanez,1
PinkPantheress,2
Eyedress,3
Jordana,4
Tate McRae,5
Olivia Rodrigo,6
Treaty Oak Revival,7
Billie Eilish,8
Justin Bieber,9
Ed Sheeran,10
Taylor Swift,11
Doja Cat,12
Jelly Roll,13
Drake,14
Cody Johnson,15
Adele,16
24kGoldn,17
Rauw Alejandro,18
The Marías,19
Lana Del Rey,20
Måneskin,21
Faye Webster,22
Bruno Mars,23
Lainey Wilson,24
Russ,25
Migos,26
Marshmello,27
Clairo,28
Hotel Ugly,29
Megan Moroney,30
Ryan Mack,31
Chase Matthew,32
DJ Khaled,33
Del Water Gap,34
Maroon 5,35
Colby Acuff,36
Matt Maltese,37
Lil Durk,38
The Weeknd,39
Gigi Perez,40
DJ Snake,41
Tems,42
Young Stoner Life,43
OneRepublic,44
Aventura,45
Nelly,46
Amaarae,47
Manuel Turizo,48
Various Artists,49
Feid,50
Tai Verdes,51
JP Saxe,52
Parker McCollum,53
Noah Kahan,54
Marc Seguí,55
beabadoobee,56
Magdalena Bay,57
Duran Duran,58
Bailey Zimmerman,59
Chayce Beckham,60
Joyner Lucas,61
LISA,62
Post Malone,63
Imagine Dragons,64
ACRAZE,65
Stellar,66
Tones And I,67
Chri$tian Gate$,68
Larry Fleet,69
Riton,70
ENHYPEN,71
Ethel Cain,72
D.O.D,73
LAGOS,74
Nessa Barrett,75
Regard,76
Mad Tsai,77
GAYLE,78
Holding Absence,79
Don Diablo,80
Men I Trust,81
Simple Plan,82
Corey Kent,83
Tiësto,84
Remi Wolf,85
Sam Hunt,86
Jervis Campbell,87
Nancy Sinatra,88
ROSÉ,89
Lost Frequencies,90
DaBaby,91
mazie,92
Madison Beer,93
Still Woozy,94
Cooper Alan,95
Kevin Gates,96
SZA,97
girl in red,98
Phoebe Bridgers,99
Sabrina Carpenter,100
Piso 21,101
DDG,102
Yebba,103
Japanese Breakfast,104
Twenty One Pilots,105
Coldplay,106
Hayden Coffman,107
Tainy,108
Lin-Manuel Miranda,109
Troye Sivan,110
NF,111
Jameson Rodgers,112
Morgan Wade,113
WILLOW,114
Benson Boone,115
Joel Corry,116
Camilo,117
mike.,118
Sadie Jean,119
The Neighbourhood,120
Internet Money,121
Ian Munsick,122
Stray Kids,123
Ryan Hurd,124
TWICE,125
Redferrin,126
Becky Hill,127
Videoclub,128
Glass Animals,129
Tommy James & The Shondells,130
Dua Lipa,131
Alex Warren,132
Manuel Medrano,133
Hot Mulligan,134
YOASOBI,135
BTS,136
Jenna Raine,137
TOMORROW X TOGETHER,138
Bella Poarch,139
Macabre Plaza,140
Jack Harlow,141
Ariana Grande,142
zzoilo,143
Disney,144
David Guetta,145
Chance Peña,146
Jazmine Sullivan,147
wave to earth,148
Lizzo,149
P!nk,150
The Paper Kites,151
aespa,152
vaultboy,153
MARINA,154
Skylar Grey,155
Gatlin,156
T-Pain,157
Josh Ross,158
benny blanco,159
IU,160
Ski Mask The Slump God,161
Jessie Murph,162
Shawn Mendes,163
Tech N9ne,164
Ginger Root,165
sammy rash,166
mgk,167
SEVENTEEN,168
girli,169
Bea Miller,170
IVE,171
Andy Grammer,172
Conan Gray,173
Nicki Minaj,174
jxdn,175
No Vacation,176
Avery Anna,177
Why Don't We,178
Alesso,179
Aimer,180
TALK,181
Galantis,182
ITZY,183
Elvie Shane,184
Vance Joy,185
Royal & the Serpent,186
FLETCHER,187
Charles Wesley Godwin,188
Jin,189
Lostboycrow,190
Maluma,191
Bryce Vine,192
Kyle Hume,193
young friend,194
Morray,195
ATEEZ,196
Drew Baldridge,197
The Oozes,198
Florida Georgia Line,199
Weezer,200
Matt Hansen,201
Sarah Kinsley,202
Cico P,203
Of Mice & Men,204
KSI,205
Connor Price,206
Lauren Spencer Smith,207
Bizarrap,208
blackbear,209
JID,210
Hiatus Kaiyote,211
MEDUZA,212
Zara Larsson,213
Lykke Li,214
Warren Zeiders,215
Ingrid Andress,216
Whitney Houston,217
Claire Rosinkranz,218
Diplo,219
HIXTAPE,220
Meek Mill,221
Aluna,222
ロクデナシ,223
Logan Mize,224
The Home Team,225
Yoke Lore,226
Jason Derulo,227
Kali Uchis,228
Sam Grow,229
chloe moriondo,230
Jessi Uribe,231
St. Lundi,232
Gavin Adcock,233
Selena Gomez,234
Babyboy AV,235
Anitta,236
Lucy Dacus,237
STAYC,238
A Day To Remember,239
Porter Robinson,240
Jamie Miller,241
Madonna,242
Lorde,243
Ruth B.,244
Normani,245
Jax,246
LANY,247
Capella Grey,248
Sech,249
Caleb Hearn,250
Only The Family,251
Mackenzy Mackay,252
Quinn XCII,253
ILLENIUM,254
Arrows in Action,255
Astrid S,256
Leith Ross,257
Tyga,258
BAEKHYUN,259
Joy Oladokun,260
Ella Langley,261
Sebastian Yatra,262
James Blake,263
Wizkid,264
Camila Cabello,265
Munn,266
You'll Never Get to Heaven,267
THE ANXIETY,268
Griff,269
Blxst,270
Judah & the Lion,271
Drew Holcomb & The Neighbors,272
ZAYN,273
Sarah Kang,274
Orion Sun,275
Brandi Carlile,276
Danielle Bradbery,277
Jean Dawson,278
Aminé,279
Arcane,280
LeeHi,281
King Gnu,282
Forest Blakk,283
Jackson Dean,284
Audien,285
Milky Chance,286
Kidd G,287
Black Veil Brides,288
88rising,289
Weeekly,290
Enrique Iglesias,291
Pitbull,292
Cautious Clay,293
Roosevelt,294
With Confidence,295
Lewis OfMan,296
Red Velvet,297
D.O.,298
1da Banton,299
The Pretty Reckless,300
Myd,301
Kizz Daniel,302
Lizzy McAlpine,303
Sub Urban,304
Fireboy DML,305
Matisse,306
須田景凪,307
Bebe Rexha,308
George Birge,309
Penelope Scott,310
Martin Garrix,311
Zach Hood,312
JEON SOMI,313
Curbi,314
Ramsey,315
Arcade Fire,316
Maná,317
Jackson Wang,318
Livingston,319
Josh Meloy,320
Fruit Bats,321
Creepy Nuts,322
Skrillex,323
Gorgon City,324
Halsey,325
Megan Thee Stallion,326
Erin Kinsey,327
Logic,328
Kelly Clarkson,329
Zack Tabudlo,330
The Offspring,331
Morat,332
Chord Overstreet,333
TINI,334
TAEMIN,335
charlieonnafriday,336
Tyler Booth,337
Rachel Grae,338
Lily Rose,339
Los Fabulosos Cadillacs,340
Unusual Demont,341
Addison Rae,342
Pusha T,343
Shaboozey,344
Lamis Kan,345
Alessia Cara,346
Cuco,347
FAVE,348
CHASE WRIGHT,349
Ricky Rich,350
KAI,351
Dean Blunt,352
Woodkid,353
Against The Current,354
Passenger,355
Britton,356
Valley,357
Lawrence,358
The Millennial Club,359
G-Eazy,360
Baby Queen,361
Tujamo,362
The War On Drugs,363
Logan Michael,364
Anne-Marie,365
Miracle Of Sound,366
ella jane,367
Carlos Rivera,368
OFFICIAL HIGE DANDISM,369
L'Impératrice,370
Tyler Braden,371
Travis Denning,372
Arca,373
Rotimi,374
Reik,375
Maston,376
Elton John,377
Parmalee,378
Thomas Rhett,379
Jason Aldean,380
Elle King,381
We Are Messengers,382
Greta Van Fleet,383
Phil Wickham,384
Crowder,385
Lake Street Dive,386
Goth Babe,387
Lauren Daigle,388
Mitchell Tenpenny,389
Papa Roach,390
The Hip Abduction,391
Scotty McCreery,392
The Wombats,393
Mac Powell,394
Old Dominion,395
The Elovaters,396
Paul McCartney,397
THE DRIVER ERA,398
Saint Motel,399
Chase Rice,400
DENM,401
MercyMe,402
Rob Zombie,403
The White Stripes,404
Bee Gees,405
Ryan Stevenson,406
Friday Pilots Club,407
for KING & COUNTRY,408
if i die in mississippi,409
Surfer Girl,410
Jimmie Allen,411
Walker Hayes,412
Luna Li,413
Zac Brown Band,414
Volbeat,415
Shinsei Kamattechan,416
Luke Bryan,417
Jeremy Camp,418
Sanctus Real,419
Wine Lips,420
Josiah and the Bonnevilles,421
Sam Fender,422
Houndmouth,423
Olivia Newton-John,424
Nathaniel Rateliff & The Night Sweats,425
Dylan Scott,426
grandson,427
Cole Swindell,428
Danny Gokey,429
Santana,430
Colorblind,431
Bring Me The Horizon,432
YONAKA,433
Limp Bizkit,434
Dead Poet Society,435
Nickelback,436
Casting Crowns,437
KALEO,438
Hiss Golden Messenger,439
TobyMac,440
Los Angeles Negros,441
Rhett Walker,442
Esteman,443
Sohodolls,444
Tom Morello,445
Tame Impala,446
Passafire,447
Generación 12,448
Rebelution,449
Ben Rector,450
Cody Jinks,451
STARSET,452
Hippo Campus,453
Arrested Youth,454
Brantley Gilbert,455
Inner Wave,456
Robert Plant,457
RedHook,458
YUNGBLUD,459
The Rolling Stones,460
Royal Blood,461
Little Stranger,462
Bleachers,463
Ozzy Osbourne,464
Joey Valence & Brae,465
Shane & Shane,466
Wolf Alice,467
The Blue Stones,468
Manchester Orchestra,469
We Came As Romans,470
Iron Maiden,471
NEEDTOBREATHE,472
Dirty Heads,473
Kairikibear,474
Chevelle,475
Black Label Society,476
City of the Sun,477
Art Lown,478
Tyler Rich,479
K.Flay,480
Badflower,481
Adam Jensen,482
Wet Leg,483
Mammoth WVH,484
Petey,485
Fortunate Youth,486
Colton Dixon,487
Newsboys,488
Billy Idol,489
Rawayana,490
All Time Low,491
Cidergirl,492
The Who,493
Dayglow,494
Radiohead,495
Daughtry,496
The Green,497
The Goo Goo Dolls,498
Drew Parker,499
Mother Mother,500
MAN WITH A MISSION,501
PinocchioP,502
MJ Lenderman,503
John Hiatt,504
DICE,505
James McMurtry,506
Kings of Leon,507
花冷え。,508
Queen,509
Michael Ray,510
DREAMERS,511
Dillon Carmichael,512
Vana Liya,513
Francesca Battistelli,514
Ghost,515
DECO*27,516
Zoé,517
Delta Sleep,518
Old Mervs,519
HARRY WAS HERE,520
Jane Remover,521
Nirvana,522
Noah Gundersen,523
Courtney Barnett,524
Foo Fighters,525
IDLES,526
The Red Pears,527
Of Monsters and Men,528
Rise Against,529
Iration,530
feeble little horse,531
Fleet Foxes,532
La Oreja de Van Gogh,533
Fantastic Negrito,534
U2,535
Mastodon,536
Jefferson Airplane,537
Nothing But Thieves,538
Stick Figure,539
Brittany Howard,540
The Beatles,541
Spiral Drive,542
AWOLNATION,543
Des Rocs,544
Maretu,545
Sophie Powers,546
Feuerschwanz,547
Adelitas Way,548
Royel Otis,549
Sharon Van Etten,550
Ballyhoo!,551
Walk off the Earth,552
Explosions In The Sky,553
cleopatrick,554
Airways,555
poptropicaslutz!,556
cosMo@Bousou-P,557
Two Feet,558
INXS,559
Cold War Kids,560
ivri,561
Part Time,562
LiSA,563
Jon Langston,564
The Cold Stares,565
Joe Samba,566
"Black Country, New Road",567
Britt Nicole,568
Snail Mail,569
Sufjan Stevens,570
Through The Roots,571
Cultura Profética,572
Linkin Park,573
Chris Tomlin,574
Nicholas Britell,575
Local Natives,576
Parannoul,577
Fujifabric,578
Green Day,579
Korn,580
Guns N' Roses,581
Iron Butterfly,582
Death Cab for Cutie,583
Rancid Eddie,584
Natalia Jiménez,585
Therapie TAXI,586
Renee & Jeremy,587
Ray Bull,588
Twiztid,589
lovelytheband,590
Johnny Cash,591
Chris Lane,592
Dorothy,593
Jordan Feliz,594
Fox Academy,595
Mitch Rossell,596
Foreign Air,597
Barry Gibb,598
Ace of Hearts,599
Melendi,600
Adam Sanders,601
Tigercub,602
The Killers,603
Zayde Wølf,604
Dirty Honey,605
Bastille,606
Quadeca,607
Dropkick Murphys,608
Sleigh Bells,609
Waxahatchee,610
St. Vincent,611
The Steel Woods,612
Melvins,613
The B-52's,614
Strawberry Launch,615
Soccer Mommy,616
Black Pistol Fire,617
Male Tears,618
The Rions,619
Good Morning,620
Modest Mouse,621
NewDad,622
Dear Sunday,623
Slightly Stoopid,624
Sensi Trails,625
The Score,626
The Luka State,627
Skillet,628
Kero Kero Bonito,629
Natalia Lafourcade,630
The Bones of J.R. Jones,631
Hollywood Undead,632
ONE OK ROCK,633
X Ambassadors,634
Golden Earring,635
David Bisbal,636
Exodus,637
The Wallflowers,638
Rod Stewart,639
Black Stone Cherry,640
P.O.D.,641
DON BROCO,642
Kip Moore,643
Diana Ross,644
La Femme,645
Eve,646
joan,647
Triumph,648
The Voidz,649
amazarashi,650
✝✝✝ (Crosses),651
Blackberry Smoke,652
Micah Tyler,653
alt-J,654
Building 429,655
You Me At Six,656
The Penguins,657
Foster The People,658
WALK THE MOON,659
The Movement,660
Hitorie,661
Convictions,662
The Black Keys,663
Neil Young,664
The Script,665
Flyte,666
Voz Veis,667
my little airport,668
Gorillaz,669
The Terrys,670
Iya Terra,671
Love and Death,672
Counting Crows,673
The Felice Brothers,674
Arkells,675
Tears for the Dying,676
Homayoun Shajarian,677
Moon Taxi,678
Los Auténticos Decadentes,679
Sublime,680
"Peter, Paul and Mary",681
Morgan Evans,682
Shannon & The Clams,683
Serú Girán,684
Brett Eldredge,685
The Record Company,686
Matthew West,687
Bones Owens,688
Ries Brothers,689
Link Wray,690
Car Seat Headrest,691
Portugal. The Man,692
The Cleftones,693
EGOIST,694
Palaye Royale,695
Egypt Central,696
Oasis,697
Santiano,698
Chris Janson,699
Brothers Osborne,700
Surf Curse,701
Cafuné,702
The Rare Occasions,703
AJR,704
Sodikken,705
CORPSE,706
Rebzyyx,707
Kaden MacKay,708
late night drive home,709
KAYTRANADA,710
Rio Romeo,711
La Roux,712
RÜFÜS DU SOL,713
Bo Burnham,714
Big Red Machine,715
Cruza,716
Jordan Ward,717
LEISURE,718
Hot Freaks,719
Bathe,720
Wilderado,721
Lord Huron,722
Novo Amor,723
Planet Giza,724
Robohands,725
Jungle,726
HAIM,727
Derivakat,728
The Altons,729
Ren,730
Wallows,731
PawPaw Rod,732
HUMBE,733
Madds Buckley,734
Joe P,735
Woodlock,736
Ocie Elliott,737
Jhariah,738
Daisy the Great,739
Verses,740
Rare Americans,741
Lovejoy,742
The Band CAMINO,743
Tom Cardy,744
Destroy Boys,745
Paper Planes,746
Flying Lotus,747
Weathers,748
Toby Fox,749
Crawlers,750
Lena Raine,751
Hollow Coves,752
Jeon Jin Hee,753
Will Wood,754
Raynes,755
Ralph Castelli,756
I DONT KNOW HOW BUT THEY FOUND ME,757
Trousdale,758
Khamari,759
Summer 2000,760
Arlo Parks,761
Leon Bridges,762
Free Party,763
COIN,764
NEIL FRANCES,765
The Walters,766
Inhaler,767
Susto,768
thquib,769
Sushi Soucy,770
Pretty Sick,771
DRAMA,772
Rejjie Snow,773
The Light The Heat,774
Okvsho,775
Peter McPoland,776
Freyr,777
Paris Texas,778
Sipper,779
Hopsin,780
Gregory Alan Isakov,781
Kevin Ross,782
Caamp,783
Ricky Montgomery,784
FINNEAS,785
Bazanji,786
Wombo,787
El David,788
binki,789
LOONY,790
hold,791
The Brook & The Bluff,792
Kevin Kaarl,793
SG Lewis,794
Ovlov,795
Phantogram,796
Cody Fry,797
Arthur Nery,798
Mannequin Pussy,799
AG Club,800
"Daniel, Me Estás Matando",801
Cavetown,802
No Rome,803
Coyote Theory,804
Land of Color,805
Ed Maverick,806
JVKE,807
Mia Joy,808
MOD SUN,809
Indigo Waves,810
Brett Dennen,811
Pardyalone,812
Origami Angel,813
Witt Lowry,814
Isaac Dunbar,815
Polo & Pan,816
Ryan Woods,817
Sons Of The East,818
Lonely God,819
Masego,820
The Orion Experience,821
Paul Zach,822
Benny Sings,823
Sarah Jarosz,824
Chet Faker,825
The Kiffness,826
WhoMadeWho,827
Garrett Kato,828
Claud,829
Egg,830
José González,831
Salt Tree,832
Tubbo,833
Wet,834
Mickey Darling,835
Aisha Badru,836
david hugo,837
Q,838
Couch,839
NOAHFINNCE,840
Beach Bunny,841
Sarah and the Sundays,842
Noga Erez,843
Fievel Is Glauque,844
Far Caspian,845
Current Joys,846
Waterparks,847
carpetgarden,848
rum.gold,849
Annie DiRusso,850
OR3O,851
Fiddlehead,852
Antoine Bradford,853
Christian Leave,854
Sara Kays,855
Terry Presume,856
Husbands,857
Kembe X,858
spill tab,859
Julien Baker,860
MIKE,861
Houses,862
Malz Monday,863
reggie,864
Flozigg,865
Zack Fox,866
Foxtide,867
Shakey Graves,868
Tora,869
Parcels,870
Emotional Oranges,871
Anuv Jain,872
Wilder Woods,873
Indigo De Souza,874
Goody Grace,875
Fish in a Birdcage,876
UNDRESSD,877
Tempest,878
Wallice,879
Trevor Hall,880
Old Sea Brigade,881
Matthew Fowler,882
eAeon,883
Paul Russell,884
I Hate Myself Because,885
2 Mello,886
Tone Stith,887
Topaz Jones,888
Briston Maroney,889
Drew Holcomb,890
Orions Belte,891
Tim Halperin,892
Tep No,893
Louis The Child,894
Taylor McCall,895
Ritviz,896
girlhouse,897
Blvck Svm,898
Everybody's Worried About Owen,899
Stop Light Observations,900
Ratboys,901
youra,902
Jon Foreman,903
Forrest Nolan,904
GRIP,905
machineheart,906
Runnner,907
Fousheé,908
DeathbyRomy,909
Chiiild,910
Charlotte Day Wilson,911
Maple Glider,912
CHVRCHES,913
The Lone Bellow,914
emawk,915
Devon Gilfillian,916
Tom The Mail Man,917
Ben Quad,918
Bess Atwell,919
Glare,920
hard life,921
Jon Bellion,922
Jillian Edwards,923
Like Moths To Flames,924
JUDAH.,925
Micah Preite,926
Metronomy,927
Nascent,928
Lowertown,929
JZAC,930
The Maine,931
Cujo Moon,932
Katy Kirby,933
Sjowgren,934
AUDREY NUNA,935
Trampled by Turtles,936
UPSAHL,937
Mission House,938
poutyface,939
Great Good Fine Ok,940
JAWNY,941
The Living Tombstone,942
Hether,943
A Story Told,944
The Brother Brothers,945
Ed Patrick,946
REASON,947
Frank Ray,948
Quake Matthews,949
Ozer,950
Orla Gartland,951
Peach Pit,952
Ragz Originale,953
Maeta,954
Ziggy Alberts,955
Blood Cultures,956
Kid Francescoli,957
Grimes,958
Viagra Boys,959
JJ Heller,960
Elita,961
Reggie Becton,962
The Wldlfe,963
Futurebirds,964
Set It Off,965
James Marriott,966
John R. Miller,967
Jonathan Ogden,968
Cal Scruby,969
Strawberry Milk Cult,970
Sleepy Hallow,971
Baby Keem,972
Lil Tecca,973
Polo G,974
"Tyler, The Creator",975
$uicideboy$,976
Ken Carson,977
J. Cole,978
Moneybagg Yo,979
Yeat,980
KXLLSWXTCH,981
Key Glock,982
Rod Wave,983
Summer Walker,984
Lil Tjay,985
Trippie Redd,986
Cochise,987
bbno$,988
Don Toliver,989
YoungBoy Never Broke Again,990
Brent Faiyaz,991
YBN Nahmir,992
Kanye West,993
Gera MX,994
That Mexican OT,995
Sniper Gang,996
KANKAN,997
Isaiah Rashad,998
Juice WRLD,999
22Gz,1000
Yung Bleu,1001
Nardo Wick,1002
Travis Scott,1003
347aidan,1004
Young Thug,1005
La Santa Grifa,1006
Pi’erre Bourne,1007
BONES,1008
BoyWithUke,1009
Remble,1010
Lil Baby,1011
Drakeo the Ruler,1012
NLE Choppa,1013
MO3,1014
Eminem,1015
SpotemGottem,1016
CJ,1017
Homixide Gang,1018
A Boogie Wit da Hoodie,1019
Chief Keef,1020
The Alchemist,1021
Xavier Wulf,1022
Young Dolph,1023
Lil Yachty,1024
Mac Miller,1025
The Notorious B.I.G.,1026
Foolio,1027
StarBoi3,1028
Young Slo-Be,1029
Pop Smoke,1030
Roddy Ricch,1031
BIA,1032
Kodak Black,1033
Westside Gunn,1034
Soldier Kidd,1035
Shady Moon,1036
Denzel Curry,1037
Topher,1038
DJ Scheme,1039
Vince Staples,1040
Rx Papi,1041
H.E.R.,1042
Tom MacDonald,1043
Spinabenz,1044
Conway the Machine,1045
1nonly,1046
DPR IAN,1047
Bryson Tiller,1048
City Girls,1049
Punchmade Dev,1050
Mike Sherm,1051
Night Lovell,1052
Blueface,1053
YNW Melly,1054
DB.Boutabag,1055
che,1056
Lil Poppa,1057
Big Yavo,1058
22december,1059
Hotboii,1060
Lil Skies,1061
MemoTheMafioso,1062
El Alfa,1063
Tokischa,1064
SAINt JHN,1065
Yungeen Ace,1066
Rochy RD,1067
Full Tac,1068
Lancey Foux,1069
Monaleo,1070
LPB Poody,1071
Rich Homie Quan,1072
Tee Grizzley,1073
sharkboy,1074
Scorey,1075
EBK Young Joc,1076
Lund,1077
iamjakehill,1078
Upchurch,1079
Sueco,1080
Yunggoth✰,1081
Jack Kays,1082
Yelawolf,1083
Hanumankind,1084
Dax,1085
SeptembersRich,1086
Moxas,1087
Khantrast,1088
Delli Boe,1089
Baby Stone Gorillas,1090
Shotgun Willy,1091
21 Savage,1092
Bumboi,1093
Softwilly,1094
Pouya,1095
E the profit,1096
XANAKIN SKYWOK,1097
Charlie Farley,1098
Lil Darkie,1099
CRUCIFIX,1100
Kuma the Third,1101
BabyTron,1102
Lul Tys,1103
22gfay,1104
Kalan.FrFr,1105
Lil Eazzyy,1106
BRS Kash,1107
SSGKobe,1108
Saba,1109
03 Greedo,1110
JELEEL!,1111
Kenndog,1112
Gunna,1113
Fredo Bang,1114
$NOT,1115
ilyTOMMY,1116
C-Kan,1117
Shordie Shordie,1118
Frostydasnowmann,1119
Bravo the Bagchaser,1120
Quevedo,1121
Lil Zay Osama,1122
Kaliii,1123
Mooski,1124
Jackboy,1125
Mach-Hommy,1126
Cookiee Kawaii,1127
Lil Dew',1128
Marlon Craft,1129
Lil Kapow,1130
G Herbo,1131
SaysoTheMac,1132
MC Virgins,1133
iann dior,1134
Struggle Jennings,1135
Larry June,1136
Young Nudy,1137
Wiz Khalifa,1138
Sheff G,1139
Acito,1140
YNG Martyr,1141
BBY KODIE,1142
Alex Zurdo,1143
Gucci Mane,1144
Soulja Boy,1145
MBNel,1146
Tion Wayne,1147
1100 Himself,1148
Bladee,1149
Presence,1150
Falling In Reverse,1151
NoCap,1152
Bris,1153
Lil Slugg,1154
Wallie the Sensei,1155
NATTI NATASHA,1156
Rare of Breed,1157
Jan Glack,1158
Khalil?,1159
G Perico,1160
Freddie Gibbs,1161
Becky G,1162
Wale,1163
axaero,1164
Killstation,1165
Fuego,1166
YG,1167
Basco,1168
OHGEESY,1169
ELIJAH MOON,1170
Bottleneck,1171
BE'O,1172
Paycheck,1173
Kieran the Light,1174
FJ Outlaw,1175
Powfu,1176
Fat Joe,1177
Bandmanrill,1178
Grandayy,1179
Ciscaux,1180
Black Kray,1181
El Makabelico,1182
j-hope,1183
Bankrol Hayden,1184
French Montana,1185
Jayson Lyric,1186
Chris Brown,1187
HXLLYWOOD,1188
Ty Dolla $ign,1189
Ghostemane,1190
Bobby Shmurda,1191
KID E$s,1192
Djo,1193
d4vd,1194
Harry Styles,1195
Suki Waterhouse,1196
Wyatt Flores,1197
ERNEST,1198
LECADE,1199
Omar Apollo,1200
Meghan Trainor,1201
Cults,1202
Rema,1203
Sam Smith,1204
Dhruv,1205
Joji,1206
Bryan Martin,1207
Riley Green,1208
Alok,1209
NewJeans,1210
Swedish House Mafia,1211
Beyoncé,1212
Ozuna,1213
Sean Paul,1214
David Kushner,1215
Hailey Whitters,1216
ROSALÍA,1217
Yuridia,1218
Kylie Morgan,1219
Pharrell Williams,1220
Kenshi Yonezu,1221
Big Thief,1222
Imanbek,1223
Alec Benjamin,1224
Tyler Hubbard,1225
Dean Lewis,1226
James Hype,1227
Ray LaMontagne,1228
Rex Orange County,1229
Dove Cameron,1230
Memphis May Fire,1231
Cigarettes After Sex,1232
Felix Jaehn,1233
Lil Wayne,1234
Emei,1235
Nate Smith,1236
Danny Ocean,1237
Charlie Puth,1238
LE SSERAFIM,1239
BLACKPINK,1240
Vwillz,1241
Chandler Leighton,1242
RAYE,1243
Matt Schuster,1244
Nathan Dawe,1245
MUNA,1246
NAYEON,1247
Koe Wetzel,1248
Mau y Ricky,1249
Genevieve Stokes,1250
Paris Paloma,1251
Jeremih,1252
Dylan Conrique,1253
VOILÀ,1254
Kid Cudi,1255
The 1975,1256
Romeo Santos,1257
Zach Top,1258
Alicia Keys,1259
Stephen Dawes,1260
John Debney,1261
Vince Guaraldi,1262
George Ezra,1263
Charli xcx,1264
(G)I-DLE,1265
Jax Jones,1266
Jay Webb,1267
Hueston,1268
Sarz,1269
AURORA,1270
Chase McDaniel,1271
Wild Rivers,1272
Kameron Marlowe,1273
Tom Odell,1274
Diddy,1275
Florence + The Machine,1276
Dreamville,1277
Kim Petras,1278
Sean Stemaly,1279
salem ilese,1280
Hailee Steinfeld,1281
Conner Smith,1282
Kate Bollinger,1283
Shakira,1284
Burna Boy,1285
The Red Clay Strays,1286
Sam Barber,1287
Stand Atlantic,1288
Tokyo Tea Room,1289
Fujii Kaze,1290
Ha*Ash,1291
Muscadine Bloodline,1292
The Lumineers,1293
Ofenbach,1294
Izzamuzzic,1295
Lady Gaga,1296
Ashley Cooke,1297
Loud Luxury,1298
Huey Mack,1299
Shwayze,1300
Kany García,1301
Río Roma,1302
Punctual,1303
NMIXX,1304
Ado,1305
Maya Hawke,1306
Akon,1307
Jung Kook,1308
Cordae,1309
Oliver Heldens,1310
Suriel Hess,1311
Oxlade,1312
imase,1313
GRAHAM,1314
Maggie Rogers,1315
Searows,1316
Dawid Podsiadło,1317
PALASTIC,1318
BIBI,1319
W&W,1320
Rihanna,1321
Jessie Reyez,1322
Shaylen,1323
B.I,1324
Carter Faith,1325
Futuristic,1326
Gen Hoshino,1327
Nicky Youre,1328
RADWIMPS,1329
Avril Lavigne,1330
Dylan Schneider,1331
Khalid,1332
The Chainsmokers,1333
Jacquees,1334
Kygo,1335
Nic D,1336
Arden Jones,1337
Lauv,1338
Pheelz,1339
Asake,1340
John Legend,1341
Jonas Blue,1342
almost monday,1343
Ellie Goulding,1344
TX2,1345
deadmau5,1346
Loveless,1347
Kyle Clark,1348
Flo Rida,1349
ROLE MODEL,1350
Paul Partohap,1351
Dominic Fike,1352
DJ Noiz,1353
Abby Sage,1354
GAMPER & DADONI,1355
Rachel Chinouriri,1356
elijah woods,1357
Julia Cole,1358
Vansire,1359
fromis_9,1360
Bayanni,1361
Kenia OS,1362
Sia,1363
Sam Short,1364
Bazzi,1365
Daniel Seavey,1366
Chappell Roan,1367
Sofía Reyes,1368
Graham Barham,1369
My Chemical Romance,1370
5 Seconds of Summer,1371
Joel Sunny,1372
Ruger,1373
FKA twigs,1374
Tove Lo,1375
Magnolia Park,1376
Justine Skye,1377
Alvvays,1378
Captainsparklez,1379
Seven Lions,1380
Jet Trouble,1381
MK,1382
Natalie Jane,1383
Calvin Harris,1384
Frankie Cosmos,1385
natori,1386
Zedd,1387
Dan Bremnes,1388
LO Worship,1389
quinnie,1390
King Clave,1391
Jonah Kagen,1392
AP Dhillon,1393
Will Linley,1394
Yeah Yeah Yeahs,1395
Maisie Peters,1396
mxmtoon,1397
TAEYEON,1398
NOTD,1399
Dexys Midnight Runners,1400
The Game,1401
NCT DREAM,1402
Huddy,1403
King,1404
Avvy Sra,1405
James Arthur,1406
Drew Green,1407
Topic,1408
TREASURE,1409
SEULGI,1410
Queen Naija,1411
David Morris,1412
XG,1413
Kidsnot$aints.,1414
Kungs,1415
Movements,1416
Level 42,1417
Shae Gill,1418
The Ballroom Thieves,1419
Maggie Lindemann,1420
Diljit Dosanjh,1421
Prince Royce,1422
Jimin,1423
Sofia Carson,1424
Jay Chou,1425
Aditya Rikhari,1426
Troy Cartwright,1427
Amos Lee,1428
Bas,1429
Restless Road,1430
Jon Pardi,1431
House Of Pain,1432
Dustin Lynch,1433
Tauren Wells,1434
Midrift,1435
Depeche Mode,1436
SunKissed Lola,1437
quannnic,1438
Three Days Grace,1439
Eli Young Band,1440
Rachael Lampa,1441
Polyphia,1442
Hozier,1443
Whiskey Myers,1444
Bear McCreary,1445
Russell Dickerson,1446
Slipknot,1447
I AM THEY,1448
Rend Collective,1449
Fontaines D.C.,1450
Journey,1451
Muse,1452
Rammstein,1453
Brandon Heath,1454
Red Hot Chili Peppers,1455
Tropidelic,1456
Metallica,1457
Arctic Monkeys,1458
BUMP OF CHICKEN,1459
Quarters of Change,1460
Father John Misty,1461
Jerry Lee Lewis,1462
Coheed and Cambria,1463
Alex G,1464
Bad Suns,1465
Highly Suspect,1466
ELVIS (Original Motion Picture Soundtrack),1467
Richy Mitch & The Coal Miners,1468
Chandler Moore,1469
Drake White,1470
Arcy Drive,1471
Palace,1472
The Unlikely Candidates,1473
Insane Clown Posse,1474
Matt Maher,1475
Young the Giant,1476
Andy Frasco & The U.N.,1477
Pacific Roots,1478
KANA-BOON,1479
Siddhartha,1480
Bryce Fox,1481
Jesse Roper,1482
TOOL,1483
Momma,1484
The Beths,1485
TK from Ling tosite sigure,1486
HoneyWorks,1487
Stephen Bishop,1488
Marcus King,1489
Natalie Grant,1490
Stars Go Dim,1491
Megadeth,1492
Barns Courtney,1493
Elvis Presley,1494
Beach House,1495
Lee Brice,1496
Tedeschi Trucks Band,1497
Pixies,1498
The Poles,1499
Rebecca St. James,1500
Drugdealer,1501
Spoon,1502
Goodbye June,1503
Jesús Adrián Romero,1504
Brent Cobb,1505
The Happy Fits,1506
Mihali,1507
HEALTH,1508
The Struts,1509
black midi,1510
Bonnie Raitt,1511
Meredith Andrews,1512
coldrain,1513
Anıl Emre Daldal,1514
The Ghost Club,1515
Sigur Rós,1516
Spacey Jane,1517
The Del-Vikings,1518
Austin French,1519
Bomba Estéreo,1520
MASS OF THE FERMENTING DREGS,1521
UNISON SQUARE GARDEN,1522
Rojo,1523
Fit For A King,1524
PELICAN FANCLUB,1525
Motörhead,1526
Band of Horses,1527
Tom Petty and the Heartbreakers,1528
Phoenix,1529
Pink Floyd,1530
Vulfpeck,1531
ZAQ,1532
Thee Oh Sees,1533
SUPER BEAVER,1534
Bryan Adams,1535
The Beaches,1536
Metric,1537
PEOPLE 1,1538
Rum Jungle,1539
Wheeland Brothers,1540
Lynyrd Skynyrd,1541
Sayuri,1542
Jack White,1543
Robert Lester Folsom,1544
Angel Olsen,1545
Skindred,1546
Josh Wilson,1547
Little River Band,1548
LCD Soundsystem,1549
Beirut,1550
Silverstein,1551
Foals,1552
Jamestown Revival,1553
Artikal Sound System,1554
Franz Ferdinand,1555
They Are Gutting a Body of Water,1556
The National,1557
JAM Project,1558
CMAT,1559
Melody's Echo Chamber,1560
Stevie Nicks,1561
Bruce Springsteen,1562
The Backfires,1563
Def Leppard,1564
Animals As Leaders,1565
aldrch,1566
Jimmy Eat World,1567
Cairokee,1568
100 gecs,1569
Two Door Cinema Club,1570
Bandalos Chinos,1571
Willie J Healey,1572
Ward Davis,1573
MisterWives,1574
Mary Lou Lord,1575
Dynazty,1576
Ocean Alley,1577
MISSIO,1578
Silversun Pickups,1579
Sidewalk Prophets,1580
Novelbright,1581
Steven Curtis Chapman,1582
Mrs. GREEN APPLE,1583
Wheatus,1584
From Ashes to New,1585
Fitz and The Tantrums,1586
Chat Pile,1587
Th3rd Coast Roots,1588
Glasslands,1589
Self Deception,1590
Arlie,1591
Bishop Briggs,1592
David Scarpeta,1593
The Smashing Pumpkins,1594
Bush,1595
HIRIE,1596
Vundabar,1597
Ichika Nito,1598
Caloncho,1599
Kurt Vile,1600
BABYMETAL,1601
The Deadbeat Cousins,1602
Luke Winslow-King,1603
Daily J,1604
Smash Mouth,1605
Kiro Akiyama,1606
Sleep,1607
High Valley,1608
Future Islands,1609
MY FIRST STORY,1610
Karma To Burn,1611
Asian Glow,1612
The Slaps,1613
Bowling For Soup,1614
QUEEN BEE,1615
Linda Ronstadt,1616
isaur,1617
Σtella,1618
Muni Long,1619
Tyler Childers,1620
Khruangbin,1621
Birth Day,1622
Mt. Joy,1623
The Backseat Lovers,1624
KIRBY,1625
Armani White,1626
SAULT,1627
Patrick Watson,1628
Colter Wall,1629
Mitski,1630
RICEWINE,1631
mage tears,1632
flipturn,1633
New West,1634
Mom Jeans.,1635
Ravyn Lenae,1636
ODESZA,1637
Disasterpeace,1638
Devin Kennedy,1639
MAVI,1640
Ladytron,1641
"hey, nothing",1642
Ahmad Anonimis,1643
Christian Kuria,1644
redveil,1645
Dance Gavin Dance,1646
Beach Weather,1647
Kingfishr,1648
WILLIS,1649
Rainbow Kitten Surprise,1650
Teen Mortgage,1651
CASTLEBEAT,1652
Ryan Caraveo,1653
Asha Imuno,1654
Magic City Hippies,1655
Ryan Oakes,1656
River Whyless,1657
McCafferty,1658
Disclosure,1659
BETWEEN FRIENDS,1660
Lissom,1661
The Brothers Comatose,1662
The Regrettes,1663
Foreign Figures,1664
Rina Sawayama,1665
Mallrat,1666
Darius,1667
EARTHGANG,1668
WESTSIDE BOOGIE,1669
Matt Maeson,1670
WHALES•TALK,1671
Blood Orange,1672
Flight Facilities,1673
Baby Bugs,1674
Pinegrove,1675
Yohani,1676
NSH,1677
Harvest,1678
Otis Kane,1679
Gretta Ray,1680
Medium Build,1681
Jitwam,1682
Amber Mark,1683
Holly Humberstone,1684
BAYNK,1685
Flume,1686
NxWorries,1687
Mesita,1688
Penny and Sparrow,1689
Tawnted,1690
Madeon,1691
boy pablo,1692
The Dead South,1693
YACHT,1694
Dora Jar,1695
Grace Ives,1696
Gable Price and Friends,1697
half•alive,1698
Tessa Violet,1699
Spencer Annis,1700
Lute,1701
Make His Ribs Show,1702
Ryan Harris,1703
Eddie Benjamin,1704
Mark & Sarah Tillman,1705
SYML,1706
The California Honeydrops,1707
Madilyn Mei,1708
Mansionair,1709
Lucius,1710
Łaszewo,1711
Naethan Apollo,1712
hemlocke springs,1713
Games We Play,1714
Thundercat,1715
Lifeformed,1716
Monophonics,1717
Julie Odell,1718
Labrinth,1719
Ghost and Pals,1720
the pillows,1721
Jamie xx,1722
Jazmin Bean,1723
Bon Iver,1724
Leanna Crawford,1725
Buddha Trixie,1726
FKJ,1727
Sudan Archives,1728
Sub-Radio,1729
Ian Noe,1730
Kenny Mason,1731
Chris Webby,1732
The Garden,1733
Bruses,1734
Julia Jacklin,1735
BINA.,1736
Weyes Blood,1737
The Warning,1738
Drug Store Romeos,1739
Kenny Beats,1740
Ivan B,1741
Arizona Zervas,1742
The Orphan The Poet,1743
AP$ENT,1744
Prateek Kuhad,1745
The Head And The Heart,1746
Bonny Light Horseman,1747
Joshua Leventhal,1748
The Deslondes,1749
Bonobo,1750
The Wrecks,1751
Kidswaste,1752
Pencil Legs,1753
BANKS,1754
LÉON,1755
The Knocks,1756
Kalandra,1757
Mexican Slum Rats,1758
Aoife O'Donovan,1759
Anaïs Mitchell,1760
Elias Dummer,1761
First Aid Kit,1762
Sir Chloe,1763
Michigander,1764
Hayley Kiyoko,1765
Sports,1766
WOS,1767
IAMX,1768
Joyce Manor,1769
Token,1770
Marzz,1771
TOKiMONSTA,1772
James Tillman,1773
Taylor Armstrong,1774
Abdul Hannan,1775
Dreamer Boy,1776
Maude Latour,1777
Mura Masa,1778
Chase Petra,1779
Twin Tacoma,1780
Dogs on Shady Lane,1781
Paravi,1782
Tommy Lefroy,1783
Chris Christodoulou,1784
Dirt Poor Robins,1785
Jordy Searcy,1786
Leon Thomas,1787
BANNERS,1788
Da LAB,1789
Ogi,1790
The Polar Boys,1791
Kanishk Seth,1792
Wilbur Soot,1793
Yumi Zouma,1794
Chris Patrick,1795
Future,1796
Metro Boomin,1797
Kendrick Lamar,1798
Montell Fish,1799
Quavo,1800
Lil Uzi Vert,1801
Destroy Lonely,1802
XXXTENTACION,1803
Joey Bada$$,1804
Freddie Dredd,1805
Yung Gravy,1806
Rich Amiri,1807
Baby Smoove,1808
King Von,1809
Coco & Clair Clair,1810
Flo Milli,1811
Nigo,1812
Dr. Dre,1813
RM,1814
Ella Mai,1815
Whethan,1816
SoFaygo,1817
PSY,1818
Benny The Butcher,1819
5ive,1820
smokedope2016,1821
Jdot Breezy,1822
lil Shordie Scott,1823
Rucci,1824
NAV,1825
UnoTheActivist,1826
Cardi B,1827
Grioten,1828
Forrest.,1829
Fivio Foreign,1830
Tae Retro,1831
AzChike,1832
Savage Ga$p,1833
Rylo Rodriguez,1834
Rollin Thrax,1835
Black Eyed Peas,1836
Ab-Soul,1837
A$AP Rocky,1838
Hardrock,1839
DUSTY,1840
Chance the Rapper,1841
BFG Straap,1842
Nas,1843
2 Chainz,1844
Rob49,1845
King Combs,1846
Yhapojj,1847
YungManny,1848
P-Lo,1849
Lil Pete,1850
USHER,1851
Ralfy the Plug,1852
Conradfrmdaaves,1853
Trip Lee,1854
Chimbala,1855
Offset,1856
DIRTYXAN,1857
again&again,1858
Soge Culebra,1859
ShittyBoyz,1860
Kehlani,1861
KA$$IU$,1862
XXKATUSJINSUX,1863
Cold Hart,1864
Jades,1865
Kevin Powers,1866
Kado,1867
Ramirez,1868
Coi Leray,1869
Snow Strippers,1870
KINGMOSTWANTED,1871
Jay Park,1872
Jim Jones,1873
Crazy Design,1874
GMK,1875
Bulin 47,1876
Ecco2k,1877
Yung Kage,1878
Yo Gotti,1879
Fabvl,1880
Shiki-TMNS,1881
Fetty Wap,1882
50 Cent,1883
Adan JFW,1884
xaviersobased,1885
Quando Rondo,1886
Mighty Bay,1887
Vin Jay,1888
Fat Nick,1889
SadBoyProlific,1890
